[{"model": "admin.logentry", "pk": 14, "fields": {"action_time": "2024-08-03T18:50:33.677Z", "user": 6, "content_type": 6, "object_id": "7", "object_repr": "", "action_flag": 1, "change_message": "[{\"added\": {}}]"}}, {"model": "admin.logentry", "pk": 15, "fields": {"action_time": "2024-08-03T18:51:00.711Z", "user": 6, "content_type": 6, "object_id": "7", "object_repr": "yakub@yakub.com", "action_flag": 2, "change_message": "[{\"changed\": {\"fields\": [\"First name\", \"Last name\", \"Email\"]}}]"}}, {"model": "admin.logentry", "pk": 16, "fields": {"action_time": "2024-08-03T18:51:36.408Z", "user": 6, "content_type": 7, "object_id": "6", "object_repr": "yakub@yakub.com", "action_flag": 3, "change_message": ""}}, {"model": "admin.logentry", "pk": 17, "fields": {"action_time": "2024-08-03T18:52:09.944Z", "user": 6, "content_type": 6, "object_id": "7", "object_repr": "yakub@yakub.com", "action_flag": 2, "change_message": "[{\"changed\": {\"fields\": [\"First name\", \"Last name\", \"Phone number\"]}}]"}}, {"model": "admin.logentry", "pk": 18, "fields": {"action_time": "2024-08-03T19:25:27.585Z", "user": 6, "content_type": 6, "object_id": "8", "object_repr": "", "action_flag": 1, "change_message": "[{\"added\": {}}]"}}, {"model": "admin.logentry", "pk": 19, "fields": {"action_time": "2024-08-03T19:25:53.270Z", "user": 6, "content_type": 6, "object_id": "8", "object_repr": "malia@malia.com", "action_flag": 2, "change_message": "[{\"changed\": {\"fields\": [\"First name\", \"Last name\", \"Email\"]}}]"}}, {"model": "admin.logentry", "pk": 20, "fields": {"action_time": "2024-08-04T02:29:03.890Z", "user": 6, "content_type": 6, "object_id": "8", "object_repr": "malia@malia.com", "action_flag": 3, "change_message": ""}}, {"model": "admin.logentry", "pk": 21, "fields": {"action_time": "2024-08-04T02:29:03.923Z", "user": 6, "content_type": 6, "object_id": "7", "object_repr": "yakub@yakub.com", "action_flag": 3, "change_message": ""}}, {"model": "admin.logentry", "pk": 22, "fields": {"action_time": "2024-08-04T02:51:07.007Z", "user": 6, "content_type": 7, "object_id": "10", "object_repr": "zak20008@yahoo.com", "action_flag": 3, "change_message": ""}}, {"model": "admin.logentry", "pk": 23, "fields": {"action_time": "2024-08-04T02:51:07.033Z", "user": 6, "content_type": 7, "object_id": "9", "object_repr": "zak20009@yahoo.com", "action_flag": 3, "change_message": ""}}, {"model": "admin.logentry", "pk": 24, "fields": {"action_time": "2024-08-04T02:52:49.645Z", "user": 6, "content_type": 6, "object_id": "10", "object_repr": "zak20008@yahoo.com", "action_flag": 3, "change_message": ""}}, {"model": "admin.logentry", "pk": 25, "fields": {"action_time": "2024-08-04T02:52:49.665Z", "user": 6, "content_type": 6, "object_id": "9", "object_repr": "zak20009@yahoo.com", "action_flag": 3, "change_message": ""}}, {"model": "admin.logentry", "pk": 26, "fields": {"action_time": "2024-08-04T02:58:50.623Z", "user": 6, "content_type": 6, "object_id": "11", "object_repr": "zak20009@yahoo.com", "action_flag": 3, "change_message": ""}}, {"model": "admin.logentry", "pk": 27, "fields": {"action_time": "2024-08-04T03:31:31.698Z", "user": 6, "content_type": 6, "object_id": "15", "object_repr": "aduu@ad.com", "action_flag": 3, "change_message": ""}}, {"model": "admin.logentry", "pk": 28, "fields": {"action_time": "2024-08-04T03:31:31.713Z", "user": 6, "content_type": 6, "object_id": "14", "object_repr": "adu@ad.com", "action_flag": 3, "change_message": ""}}, {"model": "admin.logentry", "pk": 29, "fields": {"action_time": "2024-08-04T18:55:33.813Z", "user": 6, "content_type": 6, "object_id": "23", "object_repr": "idbsch20129@gmail.com", "action_flag": 3, "change_message": ""}}, {"model": "admin.logentry", "pk": 30, "fields": {"action_time": "2024-08-04T21:34:01.816Z", "user": 6, "content_type": 6, "object_id": "24", "object_repr": "idbsch20129@gmail.com", "action_flag": 3, "change_message": ""}}, {"model": "admin.logentry", "pk": 31, "fields": {"action_time": "2024-08-04T21:34:01.849Z", "user": 6, "content_type": 6, "object_id": "22", "object_repr": "test1@test.com", "action_flag": 3, "change_message": ""}}, {"model": "admin.logentry", "pk": 32, "fields": {"action_time": "2024-08-04T21:34:01.849Z", "user": 6, "content_type": 6, "object_id": "21", "object_repr": "test@test.com", "action_flag": 3, "change_message": ""}}, {"model": "admin.logentry", "pk": 33, "fields": {"action_time": "2024-08-04T21:34:01.849Z", "user": 6, "content_type": 6, "object_id": "20", "object_repr": "y@y.com", "action_flag": 3, "change_message": ""}}, {"model": "admin.logentry", "pk": 34, "fields": {"action_time": "2024-08-04T21:34:01.863Z", "user": 6, "content_type": 6, "object_id": "19", "object_repr": "b@b.com", "action_flag": 3, "change_message": ""}}, {"model": "admin.logentry", "pk": 35, "fields": {"action_time": "2024-08-04T21:34:01.865Z", "user": 6, "content_type": 6, "object_id": "18", "object_repr": "ml@ml.com", "action_flag": 3, "change_message": ""}}, {"model": "admin.logentry", "pk": 36, "fields": {"action_time": "2024-08-04T21:34:01.866Z", "user": 6, "content_type": 6, "object_id": "17", "object_repr": "mj@mj.com", "action_flag": 3, "change_message": ""}}, {"model": "admin.logentry", "pk": 37, "fields": {"action_time": "2024-08-04T21:34:01.866Z", "user": 6, "content_type": 6, "object_id": "16", "object_repr": "idbsch20125@gmail.com", "action_flag": 3, "change_message": ""}}, {"model": "admin.logentry", "pk": 38, "fields": {"action_time": "2024-08-04T21:34:01.866Z", "user": 6, "content_type": 6, "object_id": "13", "object_repr": "ad@ad.com", "action_flag": 3, "change_message": ""}}, {"model": "admin.logentry", "pk": 39, "fields": {"action_time": "2024-08-04T21:34:01.871Z", "user": 6, "content_type": 6, "object_id": "12", "object_repr": "zak20009@yahoo.com", "action_flag": 3, "change_message": ""}}, {"model": "admin.logentry", "pk": 40, "fields": {"action_time": "2024-08-04T22:41:07.951Z", "user": 6, "content_type": 6, "object_id": "26", "object_repr": "yakub@yakub.com", "action_flag": 2, "change_message": "[{\"changed\": {\"fields\": [\"Is active\"]}}]"}}, {"model": "admin.logentry", "pk": 41, "fields": {"action_time": "2024-08-04T22:41:15.511Z", "user": 6, "content_type": 6, "object_id": "25", "object_repr": "zak20009@yahoo.com", "action_flag": 2, "change_message": "[{\"changed\": {\"fields\": [\"Is active\"]}}]"}}, {"model": "admin.logentry", "pk": 42, "fields": {"action_time": "2024-08-05T02:43:54.785Z", "user": 6, "content_type": 6, "object_id": "27", "object_repr": "ezzyconsults23@gmail.com", "action_flag": 3, "change_message": ""}}, {"model": "admin.logentry", "pk": 43, "fields": {"action_time": "2024-08-05T17:19:51.119Z", "user": 6, "content_type": 8, "object_id": "3", "object_repr": "Cool Restaurant", "action_flag": 2, "change_message": "[{\"changed\": {\"fields\": [\"Is approved\"]}}]"}}, {"model": "admin.logentry", "pk": 44, "fields": {"action_time": "2024-08-05T17:24:00.857Z", "user": 6, "content_type": 8, "object_id": "3", "object_repr": "Cool Restaurant", "action_flag": 2, "change_message": "[{\"changed\": {\"fields\": [\"Is approved\"]}}]"}}, {"model": "admin.logentry", "pk": 45, "fields": {"action_time": "2024-08-05T18:23:01.824Z", "user": 6, "content_type": 6, "object_id": "29", "object_repr": "coolone226@gmail.com", "action_flag": 2, "change_message": "[{\"changed\": {\"fields\": [\"Is active\"]}}]"}}, {"model": "admin.logentry", "pk": 46, "fields": {"action_time": "2024-08-05T18:29:07.103Z", "user": 6, "content_type": 6, "object_id": "29", "object_repr": "coolone226@gmail.com", "action_flag": 2, "change_message": "[{\"changed\": {\"fields\": [\"Is active\"]}}]"}}, {"model": "admin.logentry", "pk": 47, "fields": {"action_time": "2024-08-05T19:20:05.160Z", "user": 6, "content_type": 7, "object_id": "25", "object_repr": "zak20009@yahoo.com", "action_flag": 2, "change_message": "[{\"changed\": {\"fields\": [\"Profile picture\", \"Cover photo\"]}}]"}}, {"model": "admin.logentry", "pk": 48, "fields": {"action_time": "2024-08-05T19:30:03.925Z", "user": 6, "content_type": 7, "object_id": "25", "object_repr": "zak20009@yahoo.com", "action_flag": 2, "change_message": "[{\"changed\": {\"fields\": [\"Address line 1\", \"Address line 2\", \"Country\", \"Province\", \"Postal code\"]}}]"}}, {"model": "admin.logentry", "pk": 49, "fields": {"action_time": "2024-08-05T23:51:47.359Z", "user": 6, "content_type": 7, "object_id": "29", "object_repr": "coolone226@gmail.com", "action_flag": 2, "change_message": "[{\"changed\": {\"fields\": [\"Profile picture\", \"Cover photo\", \"Address line 1\", \"Address line 2\", \"Country\", \"Province\", \"Postal code\"]}}]"}}, {"model": "admin.logentry", "pk": 50, "fields": {"action_time": "2024-08-07T04:50:49.363Z", "user": 6, "content_type": 7, "object_id": "5", "object_repr": "idbsch2012@gmail.com", "action_flag": 2, "change_message": "[{\"changed\": {\"fields\": [\"Address\"]}}]"}}, {"model": "admin.logentry", "pk": 51, "fields": {"action_time": "2024-08-07T04:51:47.435Z", "user": 6, "content_type": 7, "object_id": "29", "object_repr": "coolone226@gmail.com", "action_flag": 2, "change_message": "[{\"changed\": {\"fields\": [\"Address\"]}}]"}}, {"model": "admin.logentry", "pk": 52, "fields": {"action_time": "2024-08-08T03:43:50.112Z", "user": 6, "content_type": 9, "object_id": "1", "object_repr": "Burgas", "action_flag": 1, "change_message": "[{\"added\": {}}]"}}, {"model": "admin.logentry", "pk": 53, "fields": {"action_time": "2024-08-08T03:48:57.978Z", "user": 6, "content_type": 9, "object_id": "2", "object_repr": "Ghana", "action_flag": 1, "change_message": "[{\"added\": {}}]"}}, {"model": "admin.logentry", "pk": 54, "fields": {"action_time": "2024-08-08T04:05:31.539Z", "user": 6, "content_type": 10, "object_id": "1", "object_repr": "Fufu Soup", "action_flag": 1, "change_message": "[{\"added\": {}}]"}}, {"model": "admin.logentry", "pk": 55, "fields": {"action_time": "2024-08-08T04:06:41.157Z", "user": 6, "content_type": 10, "object_id": "2", "object_repr": "Awaakye and Shito", "action_flag": 1, "change_message": "[{\"added\": {}}]"}}, {"model": "admin.logentry", "pk": 56, "fields": {"action_time": "2024-08-08T05:07:45.471Z", "user": 6, "content_type": 7, "object_id": "26", "object_repr": "yakub@yakub.com", "action_flag": 2, "change_message": "[{\"changed\": {\"fields\": [\"Profile picture\", \"Cover photo\"]}}]"}}, {"model": "admin.logentry", "pk": 57, "fields": {"action_time": "2024-08-08T16:08:10.204Z", "user": 6, "content_type": 9, "object_id": "3", "object_repr": "Soups", "action_flag": 1, "change_message": "[{\"added\": {}}]"}}, {"model": "admin.logentry", "pk": 58, "fields": {"action_time": "2024-08-09T03:45:33.495Z", "user": 6, "content_type": 10, "object_id": "6", "object_repr": "Abite", "action_flag": 2, "change_message": "[{\"changed\": {\"fields\": [\"Image\"]}}]"}}, {"model": "admin.logentry", "pk": 59, "fields": {"action_time": "2024-08-09T03:50:27.541Z", "user": 6, "content_type": 10, "object_id": "5", "object_repr": "Koko special", "action_flag": 2, "change_message": "[{\"changed\": {\"fields\": [\"Image\"]}}]"}}, {"model": "admin.logentry", "pk": 60, "fields": {"action_time": "2024-08-09T04:47:55.501Z", "user": 6, "content_type": 10, "object_id": "4", "object_repr": "Masa", "action_flag": 2, "change_message": "[{\"changed\": {\"fields\": [\"Is available\"]}}]"}}, {"model": "admin.logentry", "pk": 61, "fields": {"action_time": "2024-08-09T04:52:49.280Z", "user": 6, "content_type": 6, "object_id": "28", "object_repr": "ezzyconsults23@gmail.com", "action_flag": 3, "change_message": ""}}, {"model": "admin.logentry", "pk": 62, "fields": {"action_time": "2024-08-09T04:58:31.871Z", "user": 6, "content_type": 7, "object_id": "30", "object_repr": "ezzyconsults23@gmail.com", "action_flag": 2, "change_message": "[{\"changed\": {\"fields\": [\"Profile picture\", \"Cover photo\"]}}]"}}, {"model": "admin.logentry", "pk": 63, "fields": {"action_time": "2024-08-09T05:18:37.823Z", "user": 6, "content_type": 6, "object_id": "30", "object_repr": "ezzyconsults23@gmail.com", "action_flag": 3, "change_message": ""}}, {"model": "admin.logentry", "pk": 64, "fields": {"action_time": "2024-08-09T19:46:09.476Z", "user": 6, "content_type": 8, "object_id": "6", "object_repr": "Tamale restaurant", "action_flag": 2, "change_message": "[{\"changed\": {\"fields\": [\"Is approved\"]}}]"}}, {"model": "admin.logentry", "pk": 65, "fields": {"action_time": "2024-08-09T19:46:10.827Z", "user": 6, "content_type": 8, "object_id": "5", "object_repr": "Aboabo Restaurant", "action_flag": 2, "change_message": "[{\"changed\": {\"fields\": [\"Is approved\"]}}]"}}, {"model": "admin.logentry", "pk": 66, "fields": {"action_time": "2024-08-09T19:46:12.107Z", "user": 6, "content_type": 8, "object_id": "3", "object_repr": "Indian Cuisine", "action_flag": 2, "change_message": "[{\"changed\": {\"fields\": [\"Is approved\"]}}]"}}, {"model": "admin.logentry", "pk": 67, "fields": {"action_time": "2024-08-09T20:45:15.397Z", "user": 6, "content_type": 6, "object_id": "26", "object_repr": "yakub@yakub.com", "action_flag": 2, "change_message": "[]"}}, {"model": "admin.logentry", "pk": 68, "fields": {"action_time": "2024-08-10T01:20:14.859Z", "user": 6, "content_type": 8, "object_id": "6", "object_repr": "Tamale restaurant", "action_flag": 2, "change_message": "[{\"changed\": {\"fields\": [\"Vendor slug\"]}}]"}}, {"model": "admin.logentry", "pk": 69, "fields": {"action_time": "2024-08-10T01:20:40.850Z", "user": 6, "content_type": 8, "object_id": "2", "object_repr": "African Delicacy", "action_flag": 2, "change_message": "[{\"changed\": {\"fields\": [\"Vendor slug\"]}}]"}}, {"model": "admin.logentry", "pk": 70, "fields": {"action_time": "2024-08-10T01:21:13.172Z", "user": 6, "content_type": 8, "object_id": "5", "object_repr": "Aboabo Restaurant", "action_flag": 2, "change_message": "[{\"changed\": {\"fields\": [\"Vendor slug\"]}}]"}}, {"model": "admin.logentry", "pk": 71, "fields": {"action_time": "2024-08-10T01:21:25.150Z", "user": 6, "content_type": 8, "object_id": "3", "object_repr": "Indian Cuisine", "action_flag": 2, "change_message": "[{\"changed\": {\"fields\": [\"Vendor slug\"]}}]"}}, {"model": "admin.logentry", "pk": 72, "fields": {"action_time": "2024-08-10T01:21:30.535Z", "user": 6, "content_type": 8, "object_id": "6", "object_repr": "Tamale restaurant", "action_flag": 2, "change_message": "[]"}}, {"model": "admin.logentry", "pk": 73, "fields": {"action_time": "2024-08-10T01:21:34.645Z", "user": 6, "content_type": 8, "object_id": "5", "object_repr": "Aboabo Restaurant", "action_flag": 2, "change_message": "[]"}}, {"model": "admin.logentry", "pk": 74, "fields": {"action_time": "2024-08-10T01:21:38.376Z", "user": 6, "content_type": 8, "object_id": "3", "object_repr": "Indian Cuisine", "action_flag": 2, "change_message": "[]"}}, {"model": "admin.logentry", "pk": 75, "fields": {"action_time": "2024-08-10T01:21:41.906Z", "user": 6, "content_type": 8, "object_id": "2", "object_repr": "African Delicacy", "action_flag": 2, "change_message": "[]"}}, {"model": "admin.logentry", "pk": 76, "fields": {"action_time": "2024-08-10T01:22:57.957Z", "user": 6, "content_type": 8, "object_id": "2", "object_repr": "African Delicacy", "action_flag": 2, "change_message": "[{\"changed\": {\"fields\": [\"Is approved\"]}}]"}}, {"model": "admin.logentry", "pk": 77, "fields": {"action_time": "2024-08-11T20:16:03.979Z", "user": 6, "content_type": 11, "object_id": "4", "object_repr": "Cart object (4)", "action_flag": 3, "change_message": ""}}, {"model": "admin.logentry", "pk": 78, "fields": {"action_time": "2024-08-11T20:16:03.997Z", "user": 6, "content_type": 11, "object_id": "3", "object_repr": "Cart object (3)", "action_flag": 3, "change_message": ""}}, {"model": "admin.logentry", "pk": 79, "fields": {"action_time": "2024-08-11T20:16:03.998Z", "user": 6, "content_type": 11, "object_id": "2", "object_repr": "Cart object (2)", "action_flag": 3, "change_message": ""}}, {"model": "admin.logentry", "pk": 80, "fields": {"action_time": "2024-08-11T20:16:04.002Z", "user": 6, "content_type": 11, "object_id": "1", "object_repr": "Cart object (1)", "action_flag": 3, "change_message": ""}}, {"model": "admin.logentry", "pk": 81, "fields": {"action_time": "2024-08-11T21:18:02.030Z", "user": 6, "content_type": 11, "object_id": "37", "object_repr": "Cart object (37)", "action_flag": 3, "change_message": ""}}, {"model": "admin.logentry", "pk": 82, "fields": {"action_time": "2024-08-11T21:18:02.042Z", "user": 6, "content_type": 11, "object_id": "36", "object_repr": "Cart object (36)", "action_flag": 3, "change_message": ""}}, {"model": "admin.logentry", "pk": 83, "fields": {"action_time": "2024-08-11T21:18:02.044Z", "user": 6, "content_type": 11, "object_id": "35", "object_repr": "Cart object (35)", "action_flag": 3, "change_message": ""}}, {"model": "admin.logentry", "pk": 84, "fields": {"action_time": "2024-08-11T21:18:02.046Z", "user": 6, "content_type": 11, "object_id": "34", "object_repr": "Cart object (34)", "action_flag": 3, "change_message": ""}}, {"model": "admin.logentry", "pk": 85, "fields": {"action_time": "2024-08-11T21:18:02.047Z", "user": 6, "content_type": 11, "object_id": "33", "object_repr": "Cart object (33)", "action_flag": 3, "change_message": ""}}, {"model": "admin.logentry", "pk": 86, "fields": {"action_time": "2024-08-11T21:18:02.047Z", "user": 6, "content_type": 11, "object_id": "32", "object_repr": "Cart object (32)", "action_flag": 3, "change_message": ""}}, {"model": "admin.logentry", "pk": 87, "fields": {"action_time": "2024-08-11T21:18:02.049Z", "user": 6, "content_type": 11, "object_id": "31", "object_repr": "Cart object (31)", "action_flag": 3, "change_message": ""}}, {"model": "admin.logentry", "pk": 88, "fields": {"action_time": "2024-08-11T21:18:02.050Z", "user": 6, "content_type": 11, "object_id": "30", "object_repr": "Cart object (30)", "action_flag": 3, "change_message": ""}}, {"model": "admin.logentry", "pk": 89, "fields": {"action_time": "2024-08-11T21:18:02.052Z", "user": 6, "content_type": 11, "object_id": "29", "object_repr": "Cart object (29)", "action_flag": 3, "change_message": ""}}, {"model": "admin.logentry", "pk": 90, "fields": {"action_time": "2024-08-11T21:18:02.053Z", "user": 6, "content_type": 11, "object_id": "28", "object_repr": "Cart object (28)", "action_flag": 3, "change_message": ""}}, {"model": "admin.logentry", "pk": 91, "fields": {"action_time": "2024-08-11T21:18:02.054Z", "user": 6, "content_type": 11, "object_id": "27", "object_repr": "Cart object (27)", "action_flag": 3, "change_message": ""}}, {"model": "admin.logentry", "pk": 92, "fields": {"action_time": "2024-08-11T21:18:02.055Z", "user": 6, "content_type": 11, "object_id": "26", "object_repr": "Cart object (26)", "action_flag": 3, "change_message": ""}}, {"model": "admin.logentry", "pk": 93, "fields": {"action_time": "2024-08-11T21:18:02.056Z", "user": 6, "content_type": 11, "object_id": "25", "object_repr": "Cart object (25)", "action_flag": 3, "change_message": ""}}, {"model": "admin.logentry", "pk": 94, "fields": {"action_time": "2024-08-11T21:18:02.057Z", "user": 6, "content_type": 11, "object_id": "24", "object_repr": "Cart object (24)", "action_flag": 3, "change_message": ""}}, {"model": "admin.logentry", "pk": 95, "fields": {"action_time": "2024-08-11T21:18:02.058Z", "user": 6, "content_type": 11, "object_id": "23", "object_repr": "Cart object (23)", "action_flag": 3, "change_message": ""}}, {"model": "admin.logentry", "pk": 96, "fields": {"action_time": "2024-08-11T21:18:02.059Z", "user": 6, "content_type": 11, "object_id": "22", "object_repr": "Cart object (22)", "action_flag": 3, "change_message": ""}}, {"model": "admin.logentry", "pk": 97, "fields": {"action_time": "2024-08-11T21:18:02.060Z", "user": 6, "content_type": 11, "object_id": "21", "object_repr": "Cart object (21)", "action_flag": 3, "change_message": ""}}, {"model": "admin.logentry", "pk": 98, "fields": {"action_time": "2024-08-11T21:18:02.061Z", "user": 6, "content_type": 11, "object_id": "20", "object_repr": "Cart object (20)", "action_flag": 3, "change_message": ""}}, {"model": "admin.logentry", "pk": 99, "fields": {"action_time": "2024-08-11T21:18:02.062Z", "user": 6, "content_type": 11, "object_id": "19", "object_repr": "Cart object (19)", "action_flag": 3, "change_message": ""}}, {"model": "admin.logentry", "pk": 100, "fields": {"action_time": "2024-08-11T21:18:02.063Z", "user": 6, "content_type": 11, "object_id": "18", "object_repr": "Cart object (18)", "action_flag": 3, "change_message": ""}}, {"model": "admin.logentry", "pk": 101, "fields": {"action_time": "2024-08-11T21:18:02.064Z", "user": 6, "content_type": 11, "object_id": "17", "object_repr": "Cart object (17)", "action_flag": 3, "change_message": ""}}, {"model": "admin.logentry", "pk": 102, "fields": {"action_time": "2024-08-11T21:18:02.066Z", "user": 6, "content_type": 11, "object_id": "16", "object_repr": "Cart object (16)", "action_flag": 3, "change_message": ""}}, {"model": "admin.logentry", "pk": 103, "fields": {"action_time": "2024-08-11T21:18:02.067Z", "user": 6, "content_type": 11, "object_id": "15", "object_repr": "Cart object (15)", "action_flag": 3, "change_message": ""}}, {"model": "admin.logentry", "pk": 104, "fields": {"action_time": "2024-08-11T21:18:02.068Z", "user": 6, "content_type": 11, "object_id": "14", "object_repr": "Cart object (14)", "action_flag": 3, "change_message": ""}}, {"model": "admin.logentry", "pk": 105, "fields": {"action_time": "2024-08-11T21:18:02.070Z", "user": 6, "content_type": 11, "object_id": "13", "object_repr": "Cart object (13)", "action_flag": 3, "change_message": ""}}, {"model": "admin.logentry", "pk": 106, "fields": {"action_time": "2024-08-11T21:18:02.071Z", "user": 6, "content_type": 11, "object_id": "12", "object_repr": "Cart object (12)", "action_flag": 3, "change_message": ""}}, {"model": "admin.logentry", "pk": 107, "fields": {"action_time": "2024-08-11T21:18:02.072Z", "user": 6, "content_type": 11, "object_id": "11", "object_repr": "Cart object (11)", "action_flag": 3, "change_message": ""}}, {"model": "admin.logentry", "pk": 108, "fields": {"action_time": "2024-08-11T21:18:02.073Z", "user": 6, "content_type": 11, "object_id": "10", "object_repr": "Cart object (10)", "action_flag": 3, "change_message": ""}}, {"model": "admin.logentry", "pk": 109, "fields": {"action_time": "2024-08-11T21:18:02.074Z", "user": 6, "content_type": 11, "object_id": "9", "object_repr": "Cart object (9)", "action_flag": 3, "change_message": ""}}, {"model": "admin.logentry", "pk": 110, "fields": {"action_time": "2024-08-11T21:18:02.076Z", "user": 6, "content_type": 11, "object_id": "8", "object_repr": "Cart object (8)", "action_flag": 3, "change_message": ""}}, {"model": "admin.logentry", "pk": 111, "fields": {"action_time": "2024-08-11T21:18:02.077Z", "user": 6, "content_type": 11, "object_id": "7", "object_repr": "Cart object (7)", "action_flag": 3, "change_message": ""}}, {"model": "admin.logentry", "pk": 112, "fields": {"action_time": "2024-08-11T21:18:02.079Z", "user": 6, "content_type": 11, "object_id": "6", "object_repr": "Cart object (6)", "action_flag": 3, "change_message": ""}}, {"model": "admin.logentry", "pk": 113, "fields": {"action_time": "2024-08-11T21:18:02.079Z", "user": 6, "content_type": 11, "object_id": "5", "object_repr": "Cart object (5)", "action_flag": 3, "change_message": ""}}, {"model": "admin.logentry", "pk": 114, "fields": {"action_time": "2024-08-12T01:45:58.936Z", "user": 6, "content_type": 11, "object_id": "40", "object_repr": "Cart object (40)", "action_flag": 3, "change_message": ""}}, {"model": "admin.logentry", "pk": 115, "fields": {"action_time": "2024-08-12T01:45:58.950Z", "user": 6, "content_type": 11, "object_id": "39", "object_repr": "Cart object (39)", "action_flag": 3, "change_message": ""}}, {"model": "admin.logentry", "pk": 116, "fields": {"action_time": "2024-08-14T03:43:29.360Z", "user": 6, "content_type": 6, "object_id": "33", "object_repr": "qwert@awert.com", "action_flag": 3, "change_message": ""}}, {"model": "admin.logentry", "pk": 117, "fields": {"action_time": "2024-08-14T03:43:29.377Z", "user": 6, "content_type": 6, "object_id": "32", "object_repr": "razakissah.devops@gmail.com", "action_flag": 3, "change_message": ""}}, {"model": "admin.logentry", "pk": 118, "fields": {"action_time": "2024-08-14T03:43:29.378Z", "user": 6, "content_type": 6, "object_id": "31", "object_repr": "ezzyconsults23@gmail.com", "action_flag": 3, "change_message": ""}}, {"model": "admin.logentry", "pk": 119, "fields": {"action_time": "2024-08-14T03:43:29.380Z", "user": 6, "content_type": 6, "object_id": "29", "object_repr": "coolone226@gmail.com", "action_flag": 3, "change_message": ""}}, {"model": "admin.logentry", "pk": 120, "fields": {"action_time": "2024-08-14T03:43:29.382Z", "user": 6, "content_type": 6, "object_id": "26", "object_repr": "yakub@yakub.com", "action_flag": 3, "change_message": ""}}, {"model": "admin.logentry", "pk": 121, "fields": {"action_time": "2024-08-14T03:43:29.383Z", "user": 6, "content_type": 6, "object_id": "25", "object_repr": "zak20009@yahoo.com", "action_flag": 3, "change_message": ""}}, {"model": "admin.logentry", "pk": 122, "fields": {"action_time": "2024-08-14T03:50:12.423Z", "user": 6, "content_type": 8, "object_id": "9", "object_repr": "African Delicacy", "action_flag": 2, "change_message": "[{\"changed\": {\"fields\": [\"Is approved\"]}}]"}}, {"model": "admin.logentry", "pk": 123, "fields": {"action_time": "2024-08-14T03:50:15.360Z", "user": 6, "content_type": 8, "object_id": "8", "object_repr": "Kumasi fast food", "action_flag": 2, "change_message": "[{\"changed\": {\"fields\": [\"Is approved\"]}}]"}}, {"model": "admin.logentry", "pk": 124, "fields": {"action_time": "2024-08-14T03:50:16.726Z", "user": 6, "content_type": 8, "object_id": "9", "object_repr": "African Delicacy", "action_flag": 2, "change_message": "[{\"changed\": {\"fields\": [\"Is approved\"]}}]"}}, {"model": "admin.logentry", "pk": 125, "fields": {"action_time": "2024-08-14T03:50:16.732Z", "user": 6, "content_type": 8, "object_id": "8", "object_repr": "Kumasi fast food", "action_flag": 2, "change_message": "[{\"changed\": {\"fields\": [\"Is approved\"]}}]"}}, {"model": "admin.logentry", "pk": 126, "fields": {"action_time": "2024-08-14T03:55:19.770Z", "user": 6, "content_type": 6, "object_id": "35", "object_repr": "coolone226@gmail.com", "action_flag": 2, "change_message": "[{\"changed\": {\"fields\": [\"Username\"]}}]"}}, {"model": "admin.logentry", "pk": 127, "fields": {"action_time": "2024-08-15T23:33:05.474Z", "user": 6, "content_type": 7, "object_id": "35", "object_repr": "coolone226@gmail.com", "action_flag": 2, "change_message": "[]"}}, {"model": "admin.logentry", "pk": 128, "fields": {"action_time": "2024-08-15T23:33:20.778Z", "user": 6, "content_type": 7, "object_id": "35", "object_repr": "coolone226@gmail.com", "action_flag": 2, "change_message": "[]"}}, {"model": "admin.logentry", "pk": 129, "fields": {"action_time": "2024-08-15T23:35:38.707Z", "user": 6, "content_type": 7, "object_id": "34", "object_repr": "ezzyconsults23@gmail.com", "action_flag": 2, "change_message": "[]"}}, {"model": "admin.logentry", "pk": 130, "fields": {"action_time": "2024-08-15T23:36:31.966Z", "user": 6, "content_type": 7, "object_id": "5", "object_repr": "idbsch2012@gmail.com", "action_flag": 2, "change_message": "[]"}}, {"model": "admin.logentry", "pk": 131, "fields": {"action_time": "2024-08-15T23:36:56.726Z", "user": 6, "content_type": 7, "object_id": "5", "object_repr": "idbsch2012@gmail.com", "action_flag": 2, "change_message": "[]"}}, {"model": "admin.logentry", "pk": 132, "fields": {"action_time": "2024-08-16T00:31:44.935Z", "user": 6, "content_type": 8, "object_id": "11", "object_repr": "GSakisco Rest", "action_flag": 2, "change_message": "[{\"changed\": {\"fields\": [\"Is approved\"]}}]"}}, {"model": "admin.logentry", "pk": 133, "fields": {"action_time": "2024-08-16T00:31:46.166Z", "user": 6, "content_type": 8, "object_id": "10", "object_repr": "Kumawood Dish", "action_flag": 2, "change_message": "[{\"changed\": {\"fields\": [\"Is approved\"]}}]"}}, {"model": "admin.logentry", "pk": 134, "fields": {"action_time": "2024-08-16T21:13:52.417Z", "user": 6, "content_type": 12, "object_id": "1", "object_repr": "Monday", "action_flag": 1, "change_message": "[{\"added\": {}}]"}}, {"model": "admin.logentry", "pk": 135, "fields": {"action_time": "2024-08-17T03:28:09.683Z", "user": 6, "content_type": 12, "object_id": "1", "object_repr": "Monday", "action_flag": 2, "change_message": "[{\"changed\": {\"fields\": [\"Is closed\"]}}]"}}, {"model": "admin.logentry", "pk": 136, "fields": {"action_time": "2024-08-17T03:28:40.101Z", "user": 6, "content_type": 12, "object_id": "1", "object_repr": "Monday", "action_flag": 2, "change_message": "[{\"changed\": {\"fields\": [\"Is closed\"]}}]"}}, {"model": "admin.logentry", "pk": 137, "fields": {"action_time": "2024-08-17T05:23:08.083Z", "user": 6, "content_type": 12, "object_id": "1", "object_repr": "Monday", "action_flag": 3, "change_message": ""}}, {"model": "admin.logentry", "pk": 138, "fields": {"action_time": "2024-08-17T05:23:08.103Z", "user": 6, "content_type": 12, "object_id": "2", "object_repr": "Tuesday", "action_flag": 3, "change_message": ""}}, {"model": "admin.logentry", "pk": 139, "fields": {"action_time": "2024-08-17T05:23:08.104Z", "user": 6, "content_type": 12, "object_id": "3", "object_repr": "Wednesday", "action_flag": 3, "change_message": ""}}, {"model": "admin.logentry", "pk": 140, "fields": {"action_time": "2024-08-17T05:23:08.106Z", "user": 6, "content_type": 12, "object_id": "4", "object_repr": "Thursday", "action_flag": 3, "change_message": ""}}, {"model": "admin.logentry", "pk": 141, "fields": {"action_time": "2024-08-17T05:23:08.108Z", "user": 6, "content_type": 12, "object_id": "5", "object_repr": "Friday", "action_flag": 3, "change_message": ""}}, {"model": "admin.logentry", "pk": 142, "fields": {"action_time": "2024-08-17T18:45:01.072Z", "user": 6, "content_type": 12, "object_id": "7", "object_repr": "Monday", "action_flag": 3, "change_message": ""}}, {"model": "admin.logentry", "pk": 143, "fields": {"action_time": "2024-08-17T18:45:01.103Z", "user": 6, "content_type": 12, "object_id": "8", "object_repr": "Tuesday", "action_flag": 3, "change_message": ""}}, {"model": "admin.logentry", "pk": 144, "fields": {"action_time": "2024-08-17T18:45:01.103Z", "user": 6, "content_type": 12, "object_id": "9", "object_repr": "Wednesday", "action_flag": 3, "change_message": ""}}, {"model": "admin.logentry", "pk": 145, "fields": {"action_time": "2024-08-17T18:45:01.103Z", "user": 6, "content_type": 12, "object_id": "10", "object_repr": "Thursday", "action_flag": 3, "change_message": ""}}, {"model": "admin.logentry", "pk": 146, "fields": {"action_time": "2024-08-17T18:45:01.103Z", "user": 6, "content_type": 12, "object_id": "12", "object_repr": "Friday", "action_flag": 3, "change_message": ""}}, {"model": "admin.logentry", "pk": 147, "fields": {"action_time": "2024-08-17T18:45:01.103Z", "user": 6, "content_type": 12, "object_id": "11", "object_repr": "Saturday", "action_flag": 3, "change_message": ""}}, {"model": "admin.logentry", "pk": 148, "fields": {"action_time": "2024-08-17T18:45:01.103Z", "user": 6, "content_type": 12, "object_id": "6", "object_repr": "Sunday", "action_flag": 3, "change_message": ""}}, {"model": "admin.logentry", "pk": 149, "fields": {"action_time": "2024-08-19T03:29:43.637Z", "user": 6, "content_type": 12, "object_id": "98", "object_repr": "Monday", "action_flag": 3, "change_message": ""}}, {"model": "admin.logentry", "pk": 150, "fields": {"action_time": "2024-08-19T04:04:39.859Z", "user": 6, "content_type": 13, "object_id": "1", "object_repr": "GST/HST", "action_flag": 1, "change_message": "[{\"added\": {}}]"}}, {"model": "admin.logentry", "pk": 151, "fields": {"action_time": "2024-08-19T04:04:56.726Z", "user": 6, "content_type": 13, "object_id": "2", "object_repr": "PST", "action_flag": 1, "change_message": "[{\"added\": {}}]"}}, {"model": "admin.logentry", "pk": 152, "fields": {"action_time": "2024-08-19T04:31:56.964Z", "user": 6, "content_type": 13, "object_id": "2", "object_repr": "PST", "action_flag": 3, "change_message": ""}}, {"model": "admin.logentry", "pk": 153, "fields": {"action_time": "2024-08-19T04:31:56.981Z", "user": 6, "content_type": 13, "object_id": "1", "object_repr": "GST/HST", "action_flag": 3, "change_message": ""}}, {"model": "admin.logentry", "pk": 154, "fields": {"action_time": "2024-08-19T04:32:44.018Z", "user": 6, "content_type": 13, "object_id": "3", "object_repr": "GST/HST", "action_flag": 1, "change_message": "[{\"added\": {}}]"}}, {"model": "admin.logentry", "pk": 155, "fields": {"action_time": "2024-08-19T04:32:55.577Z", "user": 6, "content_type": 13, "object_id": "4", "object_repr": "PST", "action_flag": 1, "change_message": "[{\"added\": {}}]"}}, {"model": "admin.logentry", "pk": 156, "fields": {"action_time": "2024-08-19T21:01:51.884Z", "user": 6, "content_type": 13, "object_id": "3", "object_repr": "GST/HST", "action_flag": 3, "change_message": ""}}, {"model": "admin.logentry", "pk": 157, "fields": {"action_time": "2024-08-19T21:24:16.198Z", "user": 6, "content_type": 13, "object_id": "5", "object_repr": "HST/GST", "action_flag": 1, "change_message": "[{\"added\": {}}]"}}, {"model": "admin.logentry", "pk": 158, "fields": {"action_time": "2024-08-19T21:26:02.265Z", "user": 6, "content_type": 13, "object_id": "5", "object_repr": "HSTGST", "action_flag": 2, "change_message": "[{\"changed\": {\"fields\": [\"Tax type\"]}}]"}}, {"model": "admin.logentry", "pk": 159, "fields": {"action_time": "2024-08-19T23:57:01.713Z", "user": 6, "content_type": 7, "object_id": "38", "object_repr": "magkusgei2016@gmail.com", "action_flag": 2, "change_message": "[{\"changed\": {\"fields\": [\"Address\", \"Country\", \"City\", \"Province\", \"Postal code\", \"Latitude\", \"Longitude\"]}}]"}}, {"model": "admin.logentry", "pk": 160, "fields": {"action_time": "2024-08-20T23:32:03.465Z", "user": 6, "content_type": 16, "object_id": "54", "object_repr": "2024082019310054", "action_flag": 3, "change_message": ""}}, {"model": "admin.logentry", "pk": 161, "fields": {"action_time": "2024-08-20T23:32:03.481Z", "user": 6, "content_type": 16, "object_id": "53", "object_repr": "2024082019294353", "action_flag": 3, "change_message": ""}}, {"model": "admin.logentry", "pk": 162, "fields": {"action_time": "2024-08-20T23:32:03.481Z", "user": 6, "content_type": 16, "object_id": "52", "object_repr": "2024082019243852", "action_flag": 3, "change_message": ""}}, {"model": "admin.logentry", "pk": 163, "fields": {"action_time": "2024-08-20T23:32:03.481Z", "user": 6, "content_type": 16, "object_id": "51", "object_repr": "2024082019220851", "action_flag": 3, "change_message": ""}}, {"model": "admin.logentry", "pk": 164, "fields": {"action_time": "2024-08-20T23:32:03.481Z", "user": 6, "content_type": 16, "object_id": "50", "object_repr": "2024082019191050", "action_flag": 3, "change_message": ""}}, {"model": "admin.logentry", "pk": 165, "fields": {"action_time": "2024-08-20T23:32:03.481Z", "user": 6, "content_type": 16, "object_id": "49", "object_repr": "2024082019122649", "action_flag": 3, "change_message": ""}}, {"model": "admin.logentry", "pk": 166, "fields": {"action_time": "2024-08-20T23:32:03.496Z", "user": 6, "content_type": 16, "object_id": "48", "object_repr": "2024082019022948", "action_flag": 3, "change_message": ""}}, {"model": "admin.logentry", "pk": 167, "fields": {"action_time": "2024-08-20T23:32:03.497Z", "user": 6, "content_type": 16, "object_id": "47", "object_repr": "2024082018452547", "action_flag": 3, "change_message": ""}}, {"model": "admin.logentry", "pk": 168, "fields": {"action_time": "2024-08-20T23:32:03.498Z", "user": 6, "content_type": 16, "object_id": "46", "object_repr": "2024082018354646", "action_flag": 3, "change_message": ""}}, {"model": "admin.logentry", "pk": 169, "fields": {"action_time": "2024-08-20T23:32:03.499Z", "user": 6, "content_type": 16, "object_id": "45", "object_repr": "2024082018351445", "action_flag": 3, "change_message": ""}}, {"model": "admin.logentry", "pk": 170, "fields": {"action_time": "2024-08-20T23:32:03.500Z", "user": 6, "content_type": 16, "object_id": "44", "object_repr": "2024082018344944", "action_flag": 3, "change_message": ""}}, {"model": "admin.logentry", "pk": 171, "fields": {"action_time": "2024-08-20T23:32:03.500Z", "user": 6, "content_type": 16, "object_id": "43", "object_repr": "2024082018335543", "action_flag": 3, "change_message": ""}}, {"model": "admin.logentry", "pk": 172, "fields": {"action_time": "2024-08-20T23:32:03.502Z", "user": 6, "content_type": 16, "object_id": "42", "object_repr": "2024082018331642", "action_flag": 3, "change_message": ""}}, {"model": "admin.logentry", "pk": 173, "fields": {"action_time": "2024-08-20T23:32:03.503Z", "user": 6, "content_type": 16, "object_id": "41", "object_repr": "2024082018283741", "action_flag": 3, "change_message": ""}}, {"model": "admin.logentry", "pk": 174, "fields": {"action_time": "2024-08-20T23:32:03.505Z", "user": 6, "content_type": 16, "object_id": "40", "object_repr": "2024082018221840", "action_flag": 3, "change_message": ""}}, {"model": "admin.logentry", "pk": 175, "fields": {"action_time": "2024-08-20T23:32:03.506Z", "user": 6, "content_type": 16, "object_id": "39", "object_repr": "2024082018182739", "action_flag": 3, "change_message": ""}}, {"model": "admin.logentry", "pk": 176, "fields": {"action_time": "2024-08-20T23:32:03.507Z", "user": 6, "content_type": 16, "object_id": "38", "object_repr": "2024082017470438", "action_flag": 3, "change_message": ""}}, {"model": "admin.logentry", "pk": 177, "fields": {"action_time": "2024-08-20T23:32:03.508Z", "user": 6, "content_type": 16, "object_id": "37", "object_repr": "2024082017463437", "action_flag": 3, "change_message": ""}}, {"model": "admin.logentry", "pk": 178, "fields": {"action_time": "2024-08-20T23:32:03.509Z", "user": 6, "content_type": 16, "object_id": "36", "object_repr": "2024082017454636", "action_flag": 3, "change_message": ""}}, {"model": "admin.logentry", "pk": 179, "fields": {"action_time": "2024-08-20T23:32:03.510Z", "user": 6, "content_type": 16, "object_id": "35", "object_repr": "2024082017453235", "action_flag": 3, "change_message": ""}}, {"model": "admin.logentry", "pk": 180, "fields": {"action_time": "2024-08-20T23:32:03.511Z", "user": 6, "content_type": 16, "object_id": "34", "object_repr": "2024082017450834", "action_flag": 3, "change_message": ""}}, {"model": "admin.logentry", "pk": 181, "fields": {"action_time": "2024-08-20T23:32:03.512Z", "user": 6, "content_type": 16, "object_id": "33", "object_repr": "2024082017424033", "action_flag": 3, "change_message": ""}}, {"model": "admin.logentry", "pk": 182, "fields": {"action_time": "2024-08-20T23:32:03.513Z", "user": 6, "content_type": 16, "object_id": "32", "object_repr": "2024082017420032", "action_flag": 3, "change_message": ""}}, {"model": "admin.logentry", "pk": 183, "fields": {"action_time": "2024-08-20T23:32:03.513Z", "user": 6, "content_type": 16, "object_id": "31", "object_repr": "2024082017413931", "action_flag": 3, "change_message": ""}}, {"model": "admin.logentry", "pk": 184, "fields": {"action_time": "2024-08-20T23:32:03.514Z", "user": 6, "content_type": 16, "object_id": "30", "object_repr": "2024082017403230", "action_flag": 3, "change_message": ""}}, {"model": "admin.logentry", "pk": 185, "fields": {"action_time": "2024-08-20T23:32:03.514Z", "user": 6, "content_type": 16, "object_id": "29", "object_repr": "2024082017395629", "action_flag": 3, "change_message": ""}}, {"model": "admin.logentry", "pk": 186, "fields": {"action_time": "2024-08-20T23:32:03.514Z", "user": 6, "content_type": 16, "object_id": "28", "object_repr": "2024082017381228", "action_flag": 3, "change_message": ""}}, {"model": "admin.logentry", "pk": 187, "fields": {"action_time": "2024-08-20T23:32:03.514Z", "user": 6, "content_type": 16, "object_id": "27", "object_repr": "2024082017372927", "action_flag": 3, "change_message": ""}}, {"model": "admin.logentry", "pk": 188, "fields": {"action_time": "2024-08-20T23:32:03.514Z", "user": 6, "content_type": 16, "object_id": "26", "object_repr": "2024082017364826", "action_flag": 3, "change_message": ""}}, {"model": "admin.logentry", "pk": 189, "fields": {"action_time": "2024-08-20T23:32:03.514Z", "user": 6, "content_type": 16, "object_id": "25", "object_repr": "2024082017263625", "action_flag": 3, "change_message": ""}}, {"model": "admin.logentry", "pk": 190, "fields": {"action_time": "2024-08-20T23:32:03.514Z", "user": 6, "content_type": 16, "object_id": "24", "object_repr": "2024082017262124", "action_flag": 3, "change_message": ""}}, {"model": "admin.logentry", "pk": 191, "fields": {"action_time": "2024-08-20T23:32:03.514Z", "user": 6, "content_type": 16, "object_id": "23", "object_repr": "2024082017254023", "action_flag": 3, "change_message": ""}}, {"model": "admin.logentry", "pk": 192, "fields": {"action_time": "2024-08-20T23:32:03.514Z", "user": 6, "content_type": 16, "object_id": "22", "object_repr": "2024082017252422", "action_flag": 3, "change_message": ""}}, {"model": "admin.logentry", "pk": 193, "fields": {"action_time": "2024-08-20T23:32:03.514Z", "user": 6, "content_type": 16, "object_id": "21", "object_repr": "2024082017251021", "action_flag": 3, "change_message": ""}}, {"model": "admin.logentry", "pk": 194, "fields": {"action_time": "2024-08-20T23:32:03.514Z", "user": 6, "content_type": 16, "object_id": "20", "object_repr": "2024082017250120", "action_flag": 3, "change_message": ""}}, {"model": "admin.logentry", "pk": 195, "fields": {"action_time": "2024-08-20T23:32:03.514Z", "user": 6, "content_type": 16, "object_id": "19", "object_repr": "2024082017245619", "action_flag": 3, "change_message": ""}}, {"model": "admin.logentry", "pk": 196, "fields": {"action_time": "2024-08-20T23:32:03.514Z", "user": 6, "content_type": 16, "object_id": "18", "object_repr": "2024082017244618", "action_flag": 3, "change_message": ""}}, {"model": "admin.logentry", "pk": 197, "fields": {"action_time": "2024-08-20T23:32:03.514Z", "user": 6, "content_type": 16, "object_id": "17", "object_repr": "2024082017243617", "action_flag": 3, "change_message": ""}}, {"model": "admin.logentry", "pk": 198, "fields": {"action_time": "2024-08-20T23:32:03.514Z", "user": 6, "content_type": 16, "object_id": "16", "object_repr": "2024082017241616", "action_flag": 3, "change_message": ""}}, {"model": "admin.logentry", "pk": 199, "fields": {"action_time": "2024-08-20T23:32:03.514Z", "user": 6, "content_type": 16, "object_id": "15", "object_repr": "2024082017240115", "action_flag": 3, "change_message": ""}}, {"model": "admin.logentry", "pk": 200, "fields": {"action_time": "2024-08-20T23:32:03.514Z", "user": 6, "content_type": 16, "object_id": "14", "object_repr": "2024082017234314", "action_flag": 3, "change_message": ""}}, {"model": "admin.logentry", "pk": 201, "fields": {"action_time": "2024-08-20T23:32:03.514Z", "user": 6, "content_type": 16, "object_id": "13", "object_repr": "2024082017232213", "action_flag": 3, "change_message": ""}}, {"model": "admin.logentry", "pk": 202, "fields": {"action_time": "2024-08-20T23:32:03.514Z", "user": 6, "content_type": 16, "object_id": "12", "object_repr": "2024082017230712", "action_flag": 3, "change_message": ""}}, {"model": "admin.logentry", "pk": 203, "fields": {"action_time": "2024-08-20T23:32:03.514Z", "user": 6, "content_type": 16, "object_id": "11", "object_repr": "2024082017224811", "action_flag": 3, "change_message": ""}}, {"model": "admin.logentry", "pk": 204, "fields": {"action_time": "2024-08-20T23:32:03.530Z", "user": 6, "content_type": 16, "object_id": "10", "object_repr": "2024082017223710", "action_flag": 3, "change_message": ""}}, {"model": "admin.logentry", "pk": 205, "fields": {"action_time": "2024-08-20T23:32:03.530Z", "user": 6, "content_type": 16, "object_id": "9", "object_repr": "202408201722239", "action_flag": 3, "change_message": ""}}, {"model": "admin.logentry", "pk": 206, "fields": {"action_time": "2024-08-20T23:32:03.530Z", "user": 6, "content_type": 16, "object_id": "8", "object_repr": "202408201720358", "action_flag": 3, "change_message": ""}}, {"model": "admin.logentry", "pk": 207, "fields": {"action_time": "2024-08-20T23:32:03.530Z", "user": 6, "content_type": 16, "object_id": "7", "object_repr": "202408201718247", "action_flag": 3, "change_message": ""}}, {"model": "admin.logentry", "pk": 208, "fields": {"action_time": "2024-08-20T23:32:03.530Z", "user": 6, "content_type": 16, "object_id": "6", "object_repr": "202408201717236", "action_flag": 3, "change_message": ""}}, {"model": "admin.logentry", "pk": 209, "fields": {"action_time": "2024-08-20T23:32:03.530Z", "user": 6, "content_type": 16, "object_id": "5", "object_repr": "202408201715115", "action_flag": 3, "change_message": ""}}, {"model": "admin.logentry", "pk": 210, "fields": {"action_time": "2024-08-20T23:32:03.530Z", "user": 6, "content_type": 16, "object_id": "4", "object_repr": "202408201426024", "action_flag": 3, "change_message": ""}}, {"model": "admin.logentry", "pk": 211, "fields": {"action_time": "2024-08-20T23:32:03.530Z", "user": 6, "content_type": 16, "object_id": "3", "object_repr": "202408201150203", "action_flag": 3, "change_message": ""}}, {"model": "admin.logentry", "pk": 212, "fields": {"action_time": "2024-08-20T23:32:03.530Z", "user": 6, "content_type": 16, "object_id": "2", "object_repr": "20240820114710None", "action_flag": 3, "change_message": ""}}, {"model": "admin.logentry", "pk": 213, "fields": {"action_time": "2024-08-20T23:32:03.530Z", "user": 6, "content_type": 16, "object_id": "1", "object_repr": "123456", "action_flag": 3, "change_message": ""}}, {"model": "admin.logentry", "pk": 214, "fields": {"action_time": "2024-08-20T23:32:15.370Z", "user": 6, "content_type": 15, "object_id": "5", "object_repr": "4CA316667M8017920", "action_flag": 3, "change_message": ""}}, {"model": "admin.logentry", "pk": 215, "fields": {"action_time": "2024-08-20T23:32:15.387Z", "user": 6, "content_type": 15, "object_id": "4", "object_repr": "57122030TV1574832", "action_flag": 3, "change_message": ""}}, {"model": "admin.logentry", "pk": 216, "fields": {"action_time": "2024-08-20T23:32:15.389Z", "user": 6, "content_type": 15, "object_id": "3", "object_repr": "10M996286J489351F", "action_flag": 3, "change_message": ""}}, {"model": "admin.logentry", "pk": 217, "fields": {"action_time": "2024-08-20T23:32:15.390Z", "user": 6, "content_type": 15, "object_id": "2", "object_repr": "2MK294759Y763200N", "action_flag": 3, "change_message": ""}}, {"model": "admin.logentry", "pk": 218, "fields": {"action_time": "2024-08-20T23:32:15.392Z", "user": 6, "content_type": 15, "object_id": "1", "object_repr": "9WS79114KY790432H", "action_flag": 3, "change_message": ""}}, {"model": "admin.logentry", "pk": 219, "fields": {"action_time": "2024-08-20T23:34:06.948Z", "user": 6, "content_type": 15, "object_id": "6", "object_repr": "1VC58728RB0293838", "action_flag": 3, "change_message": ""}}, {"model": "admin.logentry", "pk": 220, "fields": {"action_time": "2024-08-20T23:34:19.787Z", "user": 6, "content_type": 16, "object_id": "56", "object_repr": "2024082019324256", "action_flag": 3, "change_message": ""}}, {"model": "admin.logentry", "pk": 221, "fields": {"action_time": "2024-08-20T23:34:19.787Z", "user": 6, "content_type": 16, "object_id": "55", "object_repr": "2024082019322655", "action_flag": 3, "change_message": ""}}, {"model": "admin.logentry", "pk": 222, "fields": {"action_time": "2024-08-20T23:37:08.403Z", "user": 6, "content_type": 15, "object_id": "8", "object_repr": "74K88977YU770690U", "action_flag": 2, "change_message": "[{\"changed\": {\"fields\": [\"Payment method\"]}}]"}}, {"model": "admin.logentry", "pk": 223, "fields": {"action_time": "2024-08-21T00:39:54.026Z", "user": 6, "content_type": 16, "object_id": "65", "object_repr": "2024082020071265", "action_flag": 3, "change_message": ""}}, {"model": "admin.logentry", "pk": 224, "fields": {"action_time": "2024-08-21T02:26:11.839Z", "user": 6, "content_type": 16, "object_id": "85", "object_repr": "2024082022245185", "action_flag": 3, "change_message": ""}}, {"model": "admin.logentry", "pk": 225, "fields": {"action_time": "2024-08-21T02:26:11.861Z", "user": 6, "content_type": 16, "object_id": "84", "object_repr": "2024082022224784", "action_flag": 3, "change_message": ""}}, {"model": "admin.logentry", "pk": 226, "fields": {"action_time": "2024-08-21T02:26:11.871Z", "user": 6, "content_type": 16, "object_id": "83", "object_repr": "2024082022211483", "action_flag": 3, "change_message": ""}}, {"model": "admin.logentry", "pk": 227, "fields": {"action_time": "2024-08-21T02:26:11.872Z", "user": 6, "content_type": 16, "object_id": "82", "object_repr": "2024082022180482", "action_flag": 3, "change_message": ""}}, {"model": "admin.logentry", "pk": 228, "fields": {"action_time": "2024-08-21T02:26:11.874Z", "user": 6, "content_type": 16, "object_id": "81", "object_repr": "2024082022144281", "action_flag": 3, "change_message": ""}}, {"model": "admin.logentry", "pk": 229, "fields": {"action_time": "2024-08-21T02:26:11.876Z", "user": 6, "content_type": 16, "object_id": "80", "object_repr": "2024082022121980", "action_flag": 3, "change_message": ""}}, {"model": "admin.logentry", "pk": 230, "fields": {"action_time": "2024-08-21T02:26:11.877Z", "user": 6, "content_type": 16, "object_id": "79", "object_repr": "2024082022113679", "action_flag": 3, "change_message": ""}}, {"model": "admin.logentry", "pk": 231, "fields": {"action_time": "2024-08-21T02:26:11.878Z", "user": 6, "content_type": 16, "object_id": "78", "object_repr": "2024082022101878", "action_flag": 3, "change_message": ""}}, {"model": "admin.logentry", "pk": 232, "fields": {"action_time": "2024-08-21T02:26:11.880Z", "user": 6, "content_type": 16, "object_id": "77", "object_repr": "2024082022043977", "action_flag": 3, "change_message": ""}}, {"model": "admin.logentry", "pk": 233, "fields": {"action_time": "2024-08-21T02:26:11.881Z", "user": 6, "content_type": 16, "object_id": "76", "object_repr": "2024082021495776", "action_flag": 3, "change_message": ""}}, {"model": "admin.logentry", "pk": 234, "fields": {"action_time": "2024-08-21T02:26:11.882Z", "user": 6, "content_type": 16, "object_id": "75", "object_repr": "2024082021473275", "action_flag": 3, "change_message": ""}}, {"model": "admin.logentry", "pk": 235, "fields": {"action_time": "2024-08-21T02:26:11.883Z", "user": 6, "content_type": 16, "object_id": "74", "object_repr": "2024082021435674", "action_flag": 3, "change_message": ""}}, {"model": "admin.logentry", "pk": 236, "fields": {"action_time": "2024-08-21T02:26:11.884Z", "user": 6, "content_type": 16, "object_id": "73", "object_repr": "2024082021433473", "action_flag": 3, "change_message": ""}}, {"model": "admin.logentry", "pk": 237, "fields": {"action_time": "2024-08-21T02:26:11.885Z", "user": 6, "content_type": 16, "object_id": "72", "object_repr": "2024082021310172", "action_flag": 3, "change_message": ""}}, {"model": "admin.logentry", "pk": 238, "fields": {"action_time": "2024-08-21T02:26:11.886Z", "user": 6, "content_type": 16, "object_id": "71", "object_repr": "2024082021293371", "action_flag": 3, "change_message": ""}}, {"model": "admin.logentry", "pk": 239, "fields": {"action_time": "2024-08-21T02:26:11.889Z", "user": 6, "content_type": 16, "object_id": "70", "object_repr": "2024082021135570", "action_flag": 3, "change_message": ""}}, {"model": "admin.logentry", "pk": 240, "fields": {"action_time": "2024-08-21T02:26:11.889Z", "user": 6, "content_type": 16, "object_id": "69", "object_repr": "2024082021133769", "action_flag": 3, "change_message": ""}}, {"model": "admin.logentry", "pk": 241, "fields": {"action_time": "2024-08-21T02:26:11.889Z", "user": 6, "content_type": 16, "object_id": "68", "object_repr": "2024082021122168", "action_flag": 3, "change_message": ""}}, {"model": "admin.logentry", "pk": 242, "fields": {"action_time": "2024-08-21T02:26:11.889Z", "user": 6, "content_type": 16, "object_id": "67", "object_repr": "2024082021115067", "action_flag": 3, "change_message": ""}}, {"model": "admin.logentry", "pk": 243, "fields": {"action_time": "2024-08-21T02:26:11.889Z", "user": 6, "content_type": 16, "object_id": "66", "object_repr": "2024082021101766", "action_flag": 3, "change_message": ""}}, {"model": "admin.logentry", "pk": 244, "fields": {"action_time": "2024-08-21T02:26:11.889Z", "user": 6, "content_type": 16, "object_id": "64", "object_repr": "2024082020042564", "action_flag": 3, "change_message": ""}}, {"model": "admin.logentry", "pk": 245, "fields": {"action_time": "2024-08-21T02:26:11.889Z", "user": 6, "content_type": 16, "object_id": "63", "object_repr": "2024082020021463", "action_flag": 3, "change_message": ""}}, {"model": "admin.logentry", "pk": 246, "fields": {"action_time": "2024-08-21T02:26:11.889Z", "user": 6, "content_type": 16, "object_id": "62", "object_repr": "2024082020005362", "action_flag": 3, "change_message": ""}}, {"model": "admin.logentry", "pk": 247, "fields": {"action_time": "2024-08-21T02:26:11.889Z", "user": 6, "content_type": 16, "object_id": "61", "object_repr": "2024082019502361", "action_flag": 3, "change_message": ""}}, {"model": "admin.logentry", "pk": 248, "fields": {"action_time": "2024-08-21T02:26:11.889Z", "user": 6, "content_type": 16, "object_id": "60", "object_repr": "2024082019493560", "action_flag": 3, "change_message": ""}}, {"model": "admin.logentry", "pk": 249, "fields": {"action_time": "2024-08-21T02:26:11.889Z", "user": 6, "content_type": 16, "object_id": "59", "object_repr": "2024082019434659", "action_flag": 3, "change_message": ""}}, {"model": "admin.logentry", "pk": 250, "fields": {"action_time": "2024-08-21T02:26:11.889Z", "user": 6, "content_type": 16, "object_id": "58", "object_repr": "2024082019355558", "action_flag": 3, "change_message": ""}}, {"model": "admin.logentry", "pk": 251, "fields": {"action_time": "2024-08-21T02:26:11.889Z", "user": 6, "content_type": 16, "object_id": "57", "object_repr": "2024082019344757", "action_flag": 3, "change_message": ""}}, {"model": "admin.logentry", "pk": 252, "fields": {"action_time": "2024-08-21T02:26:28.672Z", "user": 6, "content_type": 15, "object_id": "30", "object_repr": "8B657411R56605358", "action_flag": 3, "change_message": ""}}, {"model": "admin.logentry", "pk": 253, "fields": {"action_time": "2024-08-21T02:26:28.674Z", "user": 6, "content_type": 15, "object_id": "29", "object_repr": "5XU08564GN917441H", "action_flag": 3, "change_message": ""}}, {"model": "admin.logentry", "pk": 254, "fields": {"action_time": "2024-08-21T02:26:28.674Z", "user": 6, "content_type": 15, "object_id": "28", "object_repr": "9UG03560YD4081034", "action_flag": 3, "change_message": ""}}, {"model": "admin.logentry", "pk": 255, "fields": {"action_time": "2024-08-21T02:26:28.674Z", "user": 6, "content_type": 15, "object_id": "27", "object_repr": "32332121P4912794A", "action_flag": 3, "change_message": ""}}, {"model": "admin.logentry", "pk": 256, "fields": {"action_time": "2024-08-21T02:26:28.674Z", "user": 6, "content_type": 15, "object_id": "26", "object_repr": "17P14254G2608144L", "action_flag": 3, "change_message": ""}}, {"model": "admin.logentry", "pk": 257, "fields": {"action_time": "2024-08-21T02:26:28.674Z", "user": 6, "content_type": 15, "object_id": "25", "object_repr": "12T04513RH2447405", "action_flag": 3, "change_message": ""}}, {"model": "admin.logentry", "pk": 258, "fields": {"action_time": "2024-08-21T02:26:28.674Z", "user": 6, "content_type": 15, "object_id": "24", "object_repr": "1V0535652H511654H", "action_flag": 3, "change_message": ""}}, {"model": "admin.logentry", "pk": 259, "fields": {"action_time": "2024-08-21T02:26:28.674Z", "user": 6, "content_type": 15, "object_id": "23", "object_repr": "4FN23902FA040360E", "action_flag": 3, "change_message": ""}}, {"model": "admin.logentry", "pk": 260, "fields": {"action_time": "2024-08-21T02:26:28.674Z", "user": 6, "content_type": 15, "object_id": "22", "object_repr": "7KA431476E3182422", "action_flag": 3, "change_message": ""}}, {"model": "admin.logentry", "pk": 261, "fields": {"action_time": "2024-08-21T02:26:28.690Z", "user": 6, "content_type": 15, "object_id": "21", "object_repr": "9XM214502X114244L", "action_flag": 3, "change_message": ""}}, {"model": "admin.logentry", "pk": 262, "fields": {"action_time": "2024-08-21T02:26:28.690Z", "user": 6, "content_type": 15, "object_id": "20", "object_repr": "7SD43514K9652141Y", "action_flag": 3, "change_message": ""}}, {"model": "admin.logentry", "pk": 263, "fields": {"action_time": "2024-08-21T02:26:28.690Z", "user": 6, "content_type": 15, "object_id": "19", "object_repr": "1L351220GX4770325", "action_flag": 3, "change_message": ""}}, {"model": "admin.logentry", "pk": 264, "fields": {"action_time": "2024-08-21T02:26:28.690Z", "user": 6, "content_type": 15, "object_id": "18", "object_repr": "6AE25607E0259951F", "action_flag": 3, "change_message": ""}}, {"model": "admin.logentry", "pk": 265, "fields": {"action_time": "2024-08-21T02:26:28.690Z", "user": 6, "content_type": 15, "object_id": "17", "object_repr": "21P39195CS084174L", "action_flag": 3, "change_message": ""}}, {"model": "admin.logentry", "pk": 266, "fields": {"action_time": "2024-08-21T02:26:28.690Z", "user": 6, "content_type": 15, "object_id": "16", "object_repr": "6LS13837T11723208", "action_flag": 3, "change_message": ""}}, {"model": "admin.logentry", "pk": 267, "fields": {"action_time": "2024-08-21T02:26:28.690Z", "user": 6, "content_type": 15, "object_id": "15", "object_repr": "46C724560F6677517", "action_flag": 3, "change_message": ""}}, {"model": "admin.logentry", "pk": 268, "fields": {"action_time": "2024-08-21T02:26:28.690Z", "user": 6, "content_type": 15, "object_id": "14", "object_repr": "4L284282FX839782P", "action_flag": 3, "change_message": ""}}, {"model": "admin.logentry", "pk": 269, "fields": {"action_time": "2024-08-21T02:26:28.690Z", "user": 6, "content_type": 15, "object_id": "13", "object_repr": "0P937011T1554825U", "action_flag": 3, "change_message": ""}}, {"model": "admin.logentry", "pk": 270, "fields": {"action_time": "2024-08-21T02:26:28.690Z", "user": 6, "content_type": 15, "object_id": "12", "object_repr": "3VD93639B72850605", "action_flag": 3, "change_message": ""}}, {"model": "admin.logentry", "pk": 271, "fields": {"action_time": "2024-08-21T02:26:28.690Z", "user": 6, "content_type": 15, "object_id": "11", "object_repr": "89615429LK333254R", "action_flag": 3, "change_message": ""}}, {"model": "admin.logentry", "pk": 272, "fields": {"action_time": "2024-08-21T02:26:28.690Z", "user": 6, "content_type": 15, "object_id": "10", "object_repr": "61J37649EU0021232", "action_flag": 3, "change_message": ""}}, {"model": "admin.logentry", "pk": 273, "fields": {"action_time": "2024-08-21T02:26:28.690Z", "user": 6, "content_type": 15, "object_id": "9", "object_repr": "1TP920068F723043A", "action_flag": 3, "change_message": ""}}, {"model": "admin.logentry", "pk": 274, "fields": {"action_time": "2024-08-21T02:26:28.705Z", "user": 6, "content_type": 15, "object_id": "8", "object_repr": "74K88977YU770690U", "action_flag": 3, "change_message": ""}}, {"model": "admin.logentry", "pk": 275, "fields": {"action_time": "2024-08-21T02:26:28.707Z", "user": 6, "content_type": 15, "object_id": "7", "object_repr": "87M9506591502710F", "action_flag": 3, "change_message": ""}}, {"model": "admin.logentry", "pk": 276, "fields": {"action_time": "2024-08-21T02:38:10.268Z", "user": 6, "content_type": 16, "object_id": "89", "object_repr": "2024082022353789", "action_flag": 3, "change_message": ""}}, {"model": "admin.logentry", "pk": 277, "fields": {"action_time": "2024-08-21T02:38:10.285Z", "user": 6, "content_type": 16, "object_id": "88", "object_repr": "2024082022322188", "action_flag": 3, "change_message": ""}}, {"model": "admin.logentry", "pk": 278, "fields": {"action_time": "2024-08-21T02:38:10.285Z", "user": 6, "content_type": 16, "object_id": "87", "object_repr": "2024082022312987", "action_flag": 3, "change_message": ""}}, {"model": "admin.logentry", "pk": 279, "fields": {"action_time": "2024-08-21T02:38:10.285Z", "user": 6, "content_type": 16, "object_id": "86", "object_repr": "2024082022263886", "action_flag": 3, "change_message": ""}}, {"model": "admin.logentry", "pk": 280, "fields": {"action_time": "2024-08-21T02:38:22.092Z", "user": 6, "content_type": 15, "object_id": "32", "object_repr": "7BL44429TY0821745", "action_flag": 3, "change_message": ""}}, {"model": "admin.logentry", "pk": 281, "fields": {"action_time": "2024-08-21T02:38:22.107Z", "user": 6, "content_type": 15, "object_id": "31", "object_repr": "1NW79007PL804951G", "action_flag": 3, "change_message": ""}}, {"model": "admin.logentry", "pk": 282, "fields": {"action_time": "2024-08-21T03:22:24.253Z", "user": 6, "content_type": 16, "object_id": "96", "object_repr": "2024082023210196", "action_flag": 3, "change_message": ""}}, {"model": "admin.logentry", "pk": 283, "fields": {"action_time": "2024-08-21T03:22:24.265Z", "user": 6, "content_type": 16, "object_id": "95", "object_repr": "2024082023191095", "action_flag": 3, "change_message": ""}}, {"model": "admin.logentry", "pk": 284, "fields": {"action_time": "2024-08-21T03:22:24.265Z", "user": 6, "content_type": 16, "object_id": "94", "object_repr": "2024082023160694", "action_flag": 3, "change_message": ""}}, {"model": "admin.logentry", "pk": 285, "fields": {"action_time": "2024-08-21T03:22:24.272Z", "user": 6, "content_type": 16, "object_id": "93", "object_repr": "2024082022540693", "action_flag": 3, "change_message": ""}}, {"model": "admin.logentry", "pk": 286, "fields": {"action_time": "2024-08-21T03:22:24.274Z", "user": 6, "content_type": 16, "object_id": "92", "object_repr": "2024082022444892", "action_flag": 3, "change_message": ""}}, {"model": "admin.logentry", "pk": 287, "fields": {"action_time": "2024-08-21T03:22:24.275Z", "user": 6, "content_type": 16, "object_id": "91", "object_repr": "2024082022441891", "action_flag": 3, "change_message": ""}}, {"model": "admin.logentry", "pk": 288, "fields": {"action_time": "2024-08-21T03:22:24.276Z", "user": 6, "content_type": 16, "object_id": "90", "object_repr": "2024082022431690", "action_flag": 3, "change_message": ""}}, {"model": "admin.logentry", "pk": 289, "fields": {"action_time": "2024-08-21T03:22:37.995Z", "user": 6, "content_type": 15, "object_id": "37", "object_repr": "4L379893E49292235", "action_flag": 3, "change_message": ""}}, {"model": "admin.logentry", "pk": 290, "fields": {"action_time": "2024-08-21T03:22:38.011Z", "user": 6, "content_type": 15, "object_id": "36", "object_repr": "4M882839U1447234B", "action_flag": 3, "change_message": ""}}, {"model": "admin.logentry", "pk": 291, "fields": {"action_time": "2024-08-21T03:22:38.013Z", "user": 6, "content_type": 15, "object_id": "35", "object_repr": "01S59324HC2494523", "action_flag": 3, "change_message": ""}}, {"model": "admin.logentry", "pk": 292, "fields": {"action_time": "2024-08-21T03:22:38.014Z", "user": 6, "content_type": 15, "object_id": "34", "object_repr": "18H00929WD241741A", "action_flag": 3, "change_message": ""}}, {"model": "admin.logentry", "pk": 293, "fields": {"action_time": "2024-08-21T03:22:38.015Z", "user": 6, "content_type": 15, "object_id": "33", "object_repr": "5F031409P2007713B", "action_flag": 3, "change_message": ""}}, {"model": "admin.logentry", "pk": 294, "fields": {"action_time": "2024-08-21T04:12:05.513Z", "user": 6, "content_type": 16, "object_id": "102", "object_repr": "20240821000832102", "action_flag": 3, "change_message": ""}}, {"model": "admin.logentry", "pk": 295, "fields": {"action_time": "2024-08-21T04:12:05.524Z", "user": 6, "content_type": 16, "object_id": "101", "object_repr": "20240821000728101", "action_flag": 3, "change_message": ""}}, {"model": "admin.logentry", "pk": 296, "fields": {"action_time": "2024-08-21T04:12:05.526Z", "user": 6, "content_type": 16, "object_id": "100", "object_repr": "20240821000445100", "action_flag": 3, "change_message": ""}}, {"model": "admin.logentry", "pk": 297, "fields": {"action_time": "2024-08-21T04:12:05.527Z", "user": 6, "content_type": 16, "object_id": "99", "object_repr": "2024082100031999", "action_flag": 3, "change_message": ""}}, {"model": "admin.logentry", "pk": 298, "fields": {"action_time": "2024-08-21T04:12:05.528Z", "user": 6, "content_type": 16, "object_id": "98", "object_repr": "2024082023581998", "action_flag": 3, "change_message": ""}}, {"model": "admin.logentry", "pk": 299, "fields": {"action_time": "2024-08-21T04:12:05.530Z", "user": 6, "content_type": 16, "object_id": "97", "object_repr": "2024082023360797", "action_flag": 3, "change_message": ""}}, {"model": "admin.logentry", "pk": 300, "fields": {"action_time": "2024-08-21T04:12:17.024Z", "user": 6, "content_type": 15, "object_id": "43", "object_repr": "38752452479633247", "action_flag": 3, "change_message": ""}}, {"model": "admin.logentry", "pk": 301, "fields": {"action_time": "2024-08-21T04:12:17.028Z", "user": 6, "content_type": 15, "object_id": "42", "object_repr": "6AL84733KN596032Y", "action_flag": 3, "change_message": ""}}, {"model": "admin.logentry", "pk": 302, "fields": {"action_time": "2024-08-21T04:12:17.031Z", "user": 6, "content_type": 15, "object_id": "41", "object_repr": "03Y25601BA376930E", "action_flag": 3, "change_message": ""}}, {"model": "admin.logentry", "pk": 303, "fields": {"action_time": "2024-08-21T04:12:17.032Z", "user": 6, "content_type": 15, "object_id": "40", "object_repr": "85T966966B873644G", "action_flag": 3, "change_message": ""}}, {"model": "admin.logentry", "pk": 304, "fields": {"action_time": "2024-08-21T04:12:17.034Z", "user": 6, "content_type": 15, "object_id": "39", "object_repr": "63G42120T85822319", "action_flag": 3, "change_message": ""}}, {"model": "admin.logentry", "pk": 305, "fields": {"action_time": "2024-08-21T04:12:17.035Z", "user": 6, "content_type": 15, "object_id": "38", "object_repr": "1DA12141ND660024B", "action_flag": 3, "change_message": ""}}, {"model": "admin.logentry", "pk": 306, "fields": {"action_time": "2024-08-21T05:11:55.025Z", "user": 6, "content_type": 16, "object_id": "111", "object_repr": "20240821011010111", "action_flag": 3, "change_message": ""}}, {"model": "admin.logentry", "pk": 307, "fields": {"action_time": "2024-08-21T05:11:55.039Z", "user": 6, "content_type": 16, "object_id": "110", "object_repr": "20240821010831110", "action_flag": 3, "change_message": ""}}, {"model": "admin.logentry", "pk": 308, "fields": {"action_time": "2024-08-21T05:11:55.039Z", "user": 6, "content_type": 16, "object_id": "109", "object_repr": "20240821010204109", "action_flag": 3, "change_message": ""}}, {"model": "admin.logentry", "pk": 309, "fields": {"action_time": "2024-08-21T05:11:55.039Z", "user": 6, "content_type": 16, "object_id": "108", "object_repr": "20240821010038108", "action_flag": 3, "change_message": ""}}, {"model": "admin.logentry", "pk": 310, "fields": {"action_time": "2024-08-21T05:11:55.039Z", "user": 6, "content_type": 16, "object_id": "107", "object_repr": "20240821004619107", "action_flag": 3, "change_message": ""}}, {"model": "admin.logentry", "pk": 311, "fields": {"action_time": "2024-08-21T05:11:55.039Z", "user": 6, "content_type": 16, "object_id": "106", "object_repr": "20240821003024106", "action_flag": 3, "change_message": ""}}, {"model": "admin.logentry", "pk": 312, "fields": {"action_time": "2024-08-21T05:11:55.039Z", "user": 6, "content_type": 16, "object_id": "105", "object_repr": "20240821002440105", "action_flag": 3, "change_message": ""}}, {"model": "admin.logentry", "pk": 313, "fields": {"action_time": "2024-08-21T05:11:55.039Z", "user": 6, "content_type": 16, "object_id": "104", "object_repr": "20240821001518104", "action_flag": 3, "change_message": ""}}, {"model": "admin.logentry", "pk": 314, "fields": {"action_time": "2024-08-21T05:11:55.039Z", "user": 6, "content_type": 16, "object_id": "103", "object_repr": "20240821001305103", "action_flag": 3, "change_message": ""}}, {"model": "admin.logentry", "pk": 315, "fields": {"action_time": "2024-08-21T05:12:08.677Z", "user": 6, "content_type": 15, "object_id": "52", "object_repr": "7MG31574RY4603354", "action_flag": 3, "change_message": ""}}, {"model": "admin.logentry", "pk": 316, "fields": {"action_time": "2024-08-21T05:12:08.677Z", "user": 6, "content_type": 15, "object_id": "51", "object_repr": "5XW83199T4973624N", "action_flag": 3, "change_message": ""}}, {"model": "admin.logentry", "pk": 317, "fields": {"action_time": "2024-08-21T05:12:08.677Z", "user": 6, "content_type": 15, "object_id": "50", "object_repr": "6YN56045HU489251Y", "action_flag": 3, "change_message": ""}}, {"model": "admin.logentry", "pk": 318, "fields": {"action_time": "2024-08-21T05:12:08.677Z", "user": 6, "content_type": 15, "object_id": "49", "object_repr": "95T55887E19671054", "action_flag": 3, "change_message": ""}}, {"model": "admin.logentry", "pk": 319, "fields": {"action_time": "2024-08-21T05:12:08.693Z", "user": 6, "content_type": 15, "object_id": "48", "object_repr": "32K17822XA3095123", "action_flag": 3, "change_message": ""}}, {"model": "admin.logentry", "pk": 320, "fields": {"action_time": "2024-08-21T05:12:08.694Z", "user": 6, "content_type": 15, "object_id": "47", "object_repr": "9VS92468XE237080K", "action_flag": 3, "change_message": ""}}, {"model": "admin.logentry", "pk": 321, "fields": {"action_time": "2024-08-21T05:12:08.695Z", "user": 6, "content_type": 15, "object_id": "46", "object_repr": "32124550C0638413Y", "action_flag": 3, "change_message": ""}}, {"model": "admin.logentry", "pk": 322, "fields": {"action_time": "2024-08-21T05:12:08.696Z", "user": 6, "content_type": 15, "object_id": "45", "object_repr": "4LR58476F9880190N", "action_flag": 3, "change_message": ""}}, {"model": "admin.logentry", "pk": 323, "fields": {"action_time": "2024-08-21T05:12:08.697Z", "user": 6, "content_type": 15, "object_id": "44", "object_repr": "6S463609R94030205", "action_flag": 3, "change_message": ""}}, {"model": "admin.logentry", "pk": 324, "fields": {"action_time": "2024-08-22T00:50:04.261Z", "user": 6, "content_type": 16, "object_id": "114", "object_repr": "20240821194538114", "action_flag": 2, "change_message": "[{\"changed\": {\"fields\": [\"Status\"]}}]"}}, {"model": "admin.logentry", "pk": 325, "fields": {"action_time": "2024-08-22T02:31:19.070Z", "user": 6, "content_type": 16, "object_id": "114", "object_repr": "20240821194538114", "action_flag": 3, "change_message": ""}}, {"model": "admin.logentry", "pk": 326, "fields": {"action_time": "2024-08-22T02:31:19.087Z", "user": 6, "content_type": 16, "object_id": "113", "object_repr": "20240821134248113", "action_flag": 3, "change_message": ""}}, {"model": "admin.logentry", "pk": 327, "fields": {"action_time": "2024-08-22T02:31:19.087Z", "user": 6, "content_type": 16, "object_id": "112", "object_repr": "20240821011718112", "action_flag": 3, "change_message": ""}}, {"model": "admin.logentry", "pk": 328, "fields": {"action_time": "2024-08-22T02:31:28.409Z", "user": 6, "content_type": 15, "object_id": "55", "object_repr": "5CE83594XL4616749", "action_flag": 3, "change_message": ""}}, {"model": "admin.logentry", "pk": 329, "fields": {"action_time": "2024-08-22T02:31:28.414Z", "user": 6, "content_type": 15, "object_id": "54", "object_repr": "3CF2400962535210D", "action_flag": 3, "change_message": ""}}, {"model": "admin.logentry", "pk": 330, "fields": {"action_time": "2024-08-22T02:31:28.415Z", "user": 6, "content_type": 15, "object_id": "53", "object_repr": "5VL09694GV2726526", "action_flag": 3, "change_message": ""}}, {"model": "admin.logentry", "pk": 331, "fields": {"action_time": "2024-08-22T03:21:32.196Z", "user": 6, "content_type": 16, "object_id": "117", "object_repr": "20240821225624117", "action_flag": 2, "change_message": "[{\"changed\": {\"fields\": [\"Vendors\"]}}]"}}, {"model": "admin.logentry", "pk": 332, "fields": {"action_time": "2024-08-22T03:22:20.253Z", "user": 6, "content_type": 16, "object_id": "117", "object_repr": "20240821225624117", "action_flag": 2, "change_message": "[{\"changed\": {\"fields\": [\"Vendors\"]}}]"}}, {"model": "admin.logentry", "pk": 333, "fields": {"action_time": "2024-08-22T05:08:57.866Z", "user": 6, "content_type": 16, "object_id": "119", "object_repr": "20240821235458119", "action_flag": 3, "change_message": ""}}, {"model": "admin.logentry", "pk": 334, "fields": {"action_time": "2024-08-22T05:08:57.891Z", "user": 6, "content_type": 16, "object_id": "118", "object_repr": "20240821234741118", "action_flag": 3, "change_message": ""}}, {"model": "admin.logentry", "pk": 335, "fields": {"action_time": "2024-08-22T05:08:57.892Z", "user": 6, "content_type": 16, "object_id": "117", "object_repr": "20240821225624117", "action_flag": 3, "change_message": ""}}, {"model": "admin.logentry", "pk": 336, "fields": {"action_time": "2024-08-22T05:08:57.893Z", "user": 6, "content_type": 16, "object_id": "116", "object_repr": "20240821225517116", "action_flag": 3, "change_message": ""}}, {"model": "admin.logentry", "pk": 337, "fields": {"action_time": "2024-08-22T05:08:57.894Z", "user": 6, "content_type": 16, "object_id": "115", "object_repr": "20240821225325115", "action_flag": 3, "change_message": ""}}, {"model": "admin.logentry", "pk": 338, "fields": {"action_time": "2024-08-22T05:09:13.549Z", "user": 6, "content_type": 15, "object_id": "60", "object_repr": "69877691F0012400X", "action_flag": 3, "change_message": ""}}, {"model": "admin.logentry", "pk": 339, "fields": {"action_time": "2024-08-22T05:09:13.549Z", "user": 6, "content_type": 15, "object_id": "59", "object_repr": "4PT361197V8802232", "action_flag": 3, "change_message": ""}}, {"model": "admin.logentry", "pk": 340, "fields": {"action_time": "2024-08-22T05:09:13.549Z", "user": 6, "content_type": 15, "object_id": "58", "object_repr": "0FT797947M858253K", "action_flag": 3, "change_message": ""}}, {"model": "admin.logentry", "pk": 341, "fields": {"action_time": "2024-08-22T05:09:13.549Z", "user": 6, "content_type": 15, "object_id": "57", "object_repr": "7W564100RP537472S", "action_flag": 3, "change_message": ""}}, {"model": "admin.logentry", "pk": 342, "fields": {"action_time": "2024-08-22T05:09:13.565Z", "user": 6, "content_type": 15, "object_id": "56", "object_repr": "67H48763P66664905", "action_flag": 3, "change_message": ""}}, {"model": "admin.logentry", "pk": 343, "fields": {"action_time": "2024-08-23T04:46:56.933Z", "user": 6, "content_type": 16, "object_id": "141", "object_repr": "20240822233441141", "action_flag": 3, "change_message": ""}}, {"model": "admin.logentry", "pk": 344, "fields": {"action_time": "2024-08-23T04:46:56.952Z", "user": 6, "content_type": 16, "object_id": "140", "object_repr": "20240822210913140", "action_flag": 3, "change_message": ""}}, {"model": "admin.logentry", "pk": 345, "fields": {"action_time": "2024-08-23T04:46:56.953Z", "user": 6, "content_type": 16, "object_id": "139", "object_repr": "20240822210408139", "action_flag": 3, "change_message": ""}}, {"model": "admin.logentry", "pk": 346, "fields": {"action_time": "2024-08-23T04:46:56.955Z", "user": 6, "content_type": 16, "object_id": "138", "object_repr": "20240822210059138", "action_flag": 3, "change_message": ""}}, {"model": "admin.logentry", "pk": 347, "fields": {"action_time": "2024-08-23T04:46:56.956Z", "user": 6, "content_type": 16, "object_id": "137", "object_repr": "20240822205506137", "action_flag": 3, "change_message": ""}}, {"model": "admin.logentry", "pk": 348, "fields": {"action_time": "2024-08-23T04:46:56.957Z", "user": 6, "content_type": 16, "object_id": "136", "object_repr": "20240822205306136", "action_flag": 3, "change_message": ""}}, {"model": "admin.logentry", "pk": 349, "fields": {"action_time": "2024-08-23T04:46:56.958Z", "user": 6, "content_type": 16, "object_id": "135", "object_repr": "20240822205214135", "action_flag": 3, "change_message": ""}}, {"model": "admin.logentry", "pk": 350, "fields": {"action_time": "2024-08-23T04:46:56.958Z", "user": 6, "content_type": 16, "object_id": "134", "object_repr": "20240822205026134", "action_flag": 3, "change_message": ""}}, {"model": "admin.logentry", "pk": 351, "fields": {"action_time": "2024-08-23T04:46:56.959Z", "user": 6, "content_type": 16, "object_id": "133", "object_repr": "20240822204321133", "action_flag": 3, "change_message": ""}}, {"model": "admin.logentry", "pk": 352, "fields": {"action_time": "2024-08-23T04:46:56.960Z", "user": 6, "content_type": 16, "object_id": "132", "object_repr": "20240822195514132", "action_flag": 3, "change_message": ""}}, {"model": "admin.logentry", "pk": 353, "fields": {"action_time": "2024-08-23T04:46:56.961Z", "user": 6, "content_type": 16, "object_id": "131", "object_repr": "20240822163859131", "action_flag": 3, "change_message": ""}}, {"model": "admin.logentry", "pk": 354, "fields": {"action_time": "2024-08-23T04:46:56.961Z", "user": 6, "content_type": 16, "object_id": "130", "object_repr": "20240822162435130", "action_flag": 3, "change_message": ""}}, {"model": "admin.logentry", "pk": 355, "fields": {"action_time": "2024-08-23T04:46:56.962Z", "user": 6, "content_type": 16, "object_id": "129", "object_repr": "20240822162023129", "action_flag": 3, "change_message": ""}}, {"model": "admin.logentry", "pk": 356, "fields": {"action_time": "2024-08-23T04:46:56.962Z", "user": 6, "content_type": 16, "object_id": "128", "object_repr": "20240822161428128", "action_flag": 3, "change_message": ""}}, {"model": "admin.logentry", "pk": 357, "fields": {"action_time": "2024-08-23T04:46:56.963Z", "user": 6, "content_type": 16, "object_id": "127", "object_repr": "20240822161405127", "action_flag": 3, "change_message": ""}}, {"model": "admin.logentry", "pk": 358, "fields": {"action_time": "2024-08-23T04:46:56.964Z", "user": 6, "content_type": 16, "object_id": "126", "object_repr": "20240822161356126", "action_flag": 3, "change_message": ""}}, {"model": "admin.logentry", "pk": 359, "fields": {"action_time": "2024-08-23T04:46:56.964Z", "user": 6, "content_type": 16, "object_id": "125", "object_repr": "20240822161252125", "action_flag": 3, "change_message": ""}}, {"model": "admin.logentry", "pk": 360, "fields": {"action_time": "2024-08-23T04:46:56.965Z", "user": 6, "content_type": 16, "object_id": "124", "object_repr": "20240822160847124", "action_flag": 3, "change_message": ""}}, {"model": "admin.logentry", "pk": 361, "fields": {"action_time": "2024-08-23T04:46:56.965Z", "user": 6, "content_type": 16, "object_id": "123", "object_repr": "20240822160702123", "action_flag": 3, "change_message": ""}}, {"model": "admin.logentry", "pk": 362, "fields": {"action_time": "2024-08-23T04:46:56.966Z", "user": 6, "content_type": 16, "object_id": "122", "object_repr": "20240822155706122", "action_flag": 3, "change_message": ""}}, {"model": "admin.logentry", "pk": 363, "fields": {"action_time": "2024-08-23T04:46:56.968Z", "user": 6, "content_type": 16, "object_id": "121", "object_repr": "20240822124756121", "action_flag": 3, "change_message": ""}}, {"model": "admin.logentry", "pk": 364, "fields": {"action_time": "2024-08-23T04:46:56.968Z", "user": 6, "content_type": 16, "object_id": "120", "object_repr": "20240822011033120", "action_flag": 3, "change_message": ""}}, {"model": "admin.logentry", "pk": 365, "fields": {"action_time": "2024-08-23T04:47:31.113Z", "user": 6, "content_type": 15, "object_id": "65", "object_repr": "2KV366949P3685700", "action_flag": 3, "change_message": ""}}, {"model": "admin.logentry", "pk": 366, "fields": {"action_time": "2024-08-23T04:47:31.117Z", "user": 6, "content_type": 15, "object_id": "64", "object_repr": "05947647YS5339118", "action_flag": 3, "change_message": ""}}, {"model": "admin.logentry", "pk": 367, "fields": {"action_time": "2024-08-23T04:47:31.118Z", "user": 6, "content_type": 15, "object_id": "63", "object_repr": "3F7484810P495282T", "action_flag": 3, "change_message": ""}}, {"model": "admin.logentry", "pk": 368, "fields": {"action_time": "2024-08-23T04:47:31.119Z", "user": 6, "content_type": 15, "object_id": "62", "object_repr": "7LX79262NP180930M", "action_flag": 3, "change_message": ""}}, {"model": "admin.logentry", "pk": 369, "fields": {"action_time": "2024-08-23T04:47:31.120Z", "user": 6, "content_type": 15, "object_id": "61", "object_repr": "77513294M1094852R", "action_flag": 3, "change_message": ""}}, {"model": "auth.permission", "pk": 1, "fields": {"name": "Can add log entry", "content_type": 1, "codename": "add_logentry"}}, {"model": "auth.permission", "pk": 2, "fields": {"name": "Can change log entry", "content_type": 1, "codename": "change_logentry"}}, {"model": "auth.permission", "pk": 3, "fields": {"name": "Can delete log entry", "content_type": 1, "codename": "delete_logentry"}}, {"model": "auth.permission", "pk": 4, "fields": {"name": "Can view log entry", "content_type": 1, "codename": "view_logentry"}}, {"model": "auth.permission", "pk": 5, "fields": {"name": "Can add permission", "content_type": 2, "codename": "add_permission"}}, {"model": "auth.permission", "pk": 6, "fields": {"name": "Can change permission", "content_type": 2, "codename": "change_permission"}}, {"model": "auth.permission", "pk": 7, "fields": {"name": "Can delete permission", "content_type": 2, "codename": "delete_permission"}}, {"model": "auth.permission", "pk": 8, "fields": {"name": "Can view permission", "content_type": 2, "codename": "view_permission"}}, {"model": "auth.permission", "pk": 9, "fields": {"name": "Can add group", "content_type": 3, "codename": "add_group"}}, {"model": "auth.permission", "pk": 10, "fields": {"name": "Can change group", "content_type": 3, "codename": "change_group"}}, {"model": "auth.permission", "pk": 11, "fields": {"name": "Can delete group", "content_type": 3, "codename": "delete_group"}}, {"model": "auth.permission", "pk": 12, "fields": {"name": "Can view group", "content_type": 3, "codename": "view_group"}}, {"model": "auth.permission", "pk": 13, "fields": {"name": "Can add content type", "content_type": 4, "codename": "add_contenttype"}}, {"model": "auth.permission", "pk": 14, "fields": {"name": "Can change content type", "content_type": 4, "codename": "change_contenttype"}}, {"model": "auth.permission", "pk": 15, "fields": {"name": "Can delete content type", "content_type": 4, "codename": "delete_contenttype"}}, {"model": "auth.permission", "pk": 16, "fields": {"name": "Can view content type", "content_type": 4, "codename": "view_contenttype"}}, {"model": "auth.permission", "pk": 17, "fields": {"name": "Can add session", "content_type": 5, "codename": "add_session"}}, {"model": "auth.permission", "pk": 18, "fields": {"name": "Can change session", "content_type": 5, "codename": "change_session"}}, {"model": "auth.permission", "pk": 19, "fields": {"name": "Can delete session", "content_type": 5, "codename": "delete_session"}}, {"model": "auth.permission", "pk": 20, "fields": {"name": "Can view session", "content_type": 5, "codename": "view_session"}}, {"model": "auth.permission", "pk": 21, "fields": {"name": "Can add user", "content_type": 6, "codename": "add_user"}}, {"model": "auth.permission", "pk": 22, "fields": {"name": "Can change user", "content_type": 6, "codename": "change_user"}}, {"model": "auth.permission", "pk": 23, "fields": {"name": "Can delete user", "content_type": 6, "codename": "delete_user"}}, {"model": "auth.permission", "pk": 24, "fields": {"name": "Can view user", "content_type": 6, "codename": "view_user"}}, {"model": "auth.permission", "pk": 25, "fields": {"name": "Can add user profile", "content_type": 7, "codename": "add_userprofile"}}, {"model": "auth.permission", "pk": 26, "fields": {"name": "Can change user profile", "content_type": 7, "codename": "change_userprofile"}}, {"model": "auth.permission", "pk": 27, "fields": {"name": "Can delete user profile", "content_type": 7, "codename": "delete_userprofile"}}, {"model": "auth.permission", "pk": 28, "fields": {"name": "Can view user profile", "content_type": 7, "codename": "view_userprofile"}}, {"model": "auth.permission", "pk": 29, "fields": {"name": "Can add vendor", "content_type": 8, "codename": "add_vendor"}}, {"model": "auth.permission", "pk": 30, "fields": {"name": "Can change vendor", "content_type": 8, "codename": "change_vendor"}}, {"model": "auth.permission", "pk": 31, "fields": {"name": "Can delete vendor", "content_type": 8, "codename": "delete_vendor"}}, {"model": "auth.permission", "pk": 32, "fields": {"name": "Can view vendor", "content_type": 8, "codename": "view_vendor"}}, {"model": "auth.permission", "pk": 33, "fields": {"name": "Can add category", "content_type": 9, "codename": "add_category"}}, {"model": "auth.permission", "pk": 34, "fields": {"name": "Can change category", "content_type": 9, "codename": "change_category"}}, {"model": "auth.permission", "pk": 35, "fields": {"name": "Can delete category", "content_type": 9, "codename": "delete_category"}}, {"model": "auth.permission", "pk": 36, "fields": {"name": "Can view category", "content_type": 9, "codename": "view_category"}}, {"model": "auth.permission", "pk": 37, "fields": {"name": "Can add product", "content_type": 10, "codename": "add_product"}}, {"model": "auth.permission", "pk": 38, "fields": {"name": "Can change product", "content_type": 10, "codename": "change_product"}}, {"model": "auth.permission", "pk": 39, "fields": {"name": "Can delete product", "content_type": 10, "codename": "delete_product"}}, {"model": "auth.permission", "pk": 40, "fields": {"name": "Can view product", "content_type": 10, "codename": "view_product"}}, {"model": "auth.permission", "pk": 41, "fields": {"name": "Can add cart", "content_type": 11, "codename": "add_cart"}}, {"model": "auth.permission", "pk": 42, "fields": {"name": "Can change cart", "content_type": 11, "codename": "change_cart"}}, {"model": "auth.permission", "pk": 43, "fields": {"name": "Can delete cart", "content_type": 11, "codename": "delete_cart"}}, {"model": "auth.permission", "pk": 44, "fields": {"name": "Can view cart", "content_type": 11, "codename": "view_cart"}}, {"model": "auth.permission", "pk": 45, "fields": {"name": "Can add opening hours", "content_type": 12, "codename": "add_openinghours"}}, {"model": "auth.permission", "pk": 46, "fields": {"name": "Can change opening hours", "content_type": 12, "codename": "change_openinghours"}}, {"model": "auth.permission", "pk": 47, "fields": {"name": "Can delete opening hours", "content_type": 12, "codename": "delete_openinghours"}}, {"model": "auth.permission", "pk": 48, "fields": {"name": "Can view opening hours", "content_type": 12, "codename": "view_openinghours"}}, {"model": "auth.permission", "pk": 49, "fields": {"name": "Can add tax", "content_type": 13, "codename": "add_tax"}}, {"model": "auth.permission", "pk": 50, "fields": {"name": "Can change tax", "content_type": 13, "codename": "change_tax"}}, {"model": "auth.permission", "pk": 51, "fields": {"name": "Can delete tax", "content_type": 13, "codename": "delete_tax"}}, {"model": "auth.permission", "pk": 52, "fields": {"name": "Can view tax", "content_type": 13, "codename": "view_tax"}}, {"model": "auth.permission", "pk": 53, "fields": {"name": "Can add ordered food", "content_type": 14, "codename": "add_orderedfood"}}, {"model": "auth.permission", "pk": 54, "fields": {"name": "Can change ordered food", "content_type": 14, "codename": "change_orderedfood"}}, {"model": "auth.permission", "pk": 55, "fields": {"name": "Can delete ordered food", "content_type": 14, "codename": "delete_orderedfood"}}, {"model": "auth.permission", "pk": 56, "fields": {"name": "Can view ordered food", "content_type": 14, "codename": "view_orderedfood"}}, {"model": "auth.permission", "pk": 57, "fields": {"name": "Can add payment", "content_type": 15, "codename": "add_payment"}}, {"model": "auth.permission", "pk": 58, "fields": {"name": "Can change payment", "content_type": 15, "codename": "change_payment"}}, {"model": "auth.permission", "pk": 59, "fields": {"name": "Can delete payment", "content_type": 15, "codename": "delete_payment"}}, {"model": "auth.permission", "pk": 60, "fields": {"name": "Can view payment", "content_type": 15, "codename": "view_payment"}}, {"model": "auth.permission", "pk": 61, "fields": {"name": "Can add order", "content_type": 16, "codename": "add_order"}}, {"model": "auth.permission", "pk": 62, "fields": {"name": "Can change order", "content_type": 16, "codename": "change_order"}}, {"model": "auth.permission", "pk": 63, "fields": {"name": "Can delete order", "content_type": 16, "codename": "delete_order"}}, {"model": "auth.permission", "pk": 64, "fields": {"name": "Can view order", "content_type": 16, "codename": "view_order"}}, {"model": "contenttypes.contenttype", "pk": 1, "fields": {"app_label": "admin", "model": "logentry"}}, {"model": "contenttypes.contenttype", "pk": 2, "fields": {"app_label": "auth", "model": "permission"}}, {"model": "contenttypes.contenttype", "pk": 3, "fields": {"app_label": "auth", "model": "group"}}, {"model": "contenttypes.contenttype", "pk": 4, "fields": {"app_label": "contenttypes", "model": "contenttype"}}, {"model": "contenttypes.contenttype", "pk": 5, "fields": {"app_label": "sessions", "model": "session"}}, {"model": "contenttypes.contenttype", "pk": 6, "fields": {"app_label": "accounts", "model": "user"}}, {"model": "contenttypes.contenttype", "pk": 7, "fields": {"app_label": "accounts", "model": "userprofile"}}, {"model": "contenttypes.contenttype", "pk": 8, "fields": {"app_label": "vendors", "model": "vendor"}}, {"model": "contenttypes.contenttype", "pk": 9, "fields": {"app_label": "menu", "model": "category"}}, {"model": "contenttypes.contenttype", "pk": 10, "fields": {"app_label": "menu", "model": "product"}}, {"model": "contenttypes.contenttype", "pk": 11, "fields": {"app_label": "marketplace", "model": "cart"}}, {"model": "contenttypes.contenttype", "pk": 12, "fields": {"app_label": "vendors", "model": "openinghours"}}, {"model": "contenttypes.contenttype", "pk": 13, "fields": {"app_label": "marketplace", "model": "tax"}}, {"model": "contenttypes.contenttype", "pk": 14, "fields": {"app_label": "orders", "model": "orderedfood"}}, {"model": "contenttypes.contenttype", "pk": 15, "fields": {"app_label": "orders", "model": "payment"}}, {"model": "contenttypes.contenttype", "pk": 16, "fields": {"app_label": "orders", "model": "order"}}, {"model": "sessions.session", "pk": "0eyrk8dmuj1gqlcyl56uhvk8ogbqn3qd", "fields": {"session_data": ".eJxVjMEOwiAQRP-FsyGwFGE9evcbCLBbqRpISnsy_rtt0oPeJvPezFuEuC4lrJ3nMJG4CEBx-i1TzE-uO6FHrPcmc6vLPCW5K_KgXd4a8et6uH8HJfayrTOD0w7hnAEGYy2g04q1NzpvSXvyiika5ZEHzOOYEMBrZkUGrUMWny_U0zcC:1sdiU9:-5HUvLmHnuEuAbOpuX32DIxvcsLkdKXYbLFau4t-cBs", "expire_date": "2024-08-27T03:46:13.287Z"}}, {"model": "sessions.session", "pk": "0fryzj468ime1oj28ekg6hnr9na4z1nw", "fields": {"session_data": ".eJxVjMEOwiAQRP-FsyGwFGE9evcbCLBbqRpISnsy_rtt0oPeJvPezFuEuC4lrJ3nMJG4CEBx-i1TzE-uO6FHrPcmc6vLPCW5K_KgXd4a8et6uH8HJfayrTOD0w7hnAEGYy2g04q1NzpvSXvyiika5ZEHzOOYEMBrZkUGrUMWny_U0zcC:1sdJ3I:o9Pl8reRkvaDkzS7ycuAwuXo8Mf2-0h1jXBsT6BB2Ms", "expire_date": "2024-08-26T00:36:48.091Z"}}, {"model": "sessions.session", "pk": "1yllhhg0bcmthsck1qnr3r5j5lki8usd", "fields": {"session_data": ".eJxVjMEOwiAQRP-FsyGwFGE9evcbCLBbqRpISnsy_rtt0oPeJvPezFuEuC4lrJ3nMJG4CEBx-i1TzE-uO6FHrPcmc6vLPCW5K_KgXd4a8et6uH8HJfayrTOD0w7hnAEGYy2g04q1NzpvSXvyiika5ZEHzOOYEMBrZkUGrUMWny_U0zcC:1sdimC:fP5iZ27c9FsdFzjVm4kaG_HFBs7LZwQq1pPcbOL9PBs", "expire_date": "2024-08-27T04:04:52.192Z"}}, {"model": "sessions.session", "pk": "4f1rvqbse6uydfm7h3q6rxfusrca0h18", "fields": {"session_data": ".eJxVjMEOwiAQRP-FsyGwFGE9evcbCLBbqRpISnsy_rtt0oPeJvPezFuEuC4lrJ3nMJG4CEBx-i1TzE-uO6FHrPcmc6vLPCW5K_KgXd4a8et6uH8HJfayrTOD0w7hnAEGYy2g04q1NzpvSXvyiika5ZEHzOOYEMBrZkUGrUMWny_U0zcC:1sdipX:mSp4Dyq_cGoZtnonlKDIh8RrZpTG43MLRZ99PS7Zf_c", "expire_date": "2024-08-27T04:08:19.699Z"}}, {"model": "sessions.session", "pk": "5qn3qik60jw1ut53xm64egkbc82fo7nf", "fields": {"session_data": ".eJxVjMsOwiAUBf-FtSGF8qpL934DuQ-QqoGktCvjv2uTLnR7Zua8RIRtLXHraYkzi7Nw4vS7IdAj1R3wHeqtSWp1XWaUuyIP2uW1cXpeDvfvoEAv39qOgVCh18Cj9WRZoRr0lB2bjIGS9RlG6zArrYh4sNkYIucVhJQn58X7A_SOOGY:1sftVv:agdIt1-46EyUzBPamW95BaiEBKdMD83uxEeqvQu2FMs", "expire_date": "2024-09-02T03:57:03.084Z"}}, {"model": "sessions.session", "pk": "7yv3mc8rjj9zb3359lrl3bf1cm0eih8g", "fields": {"session_data": ".eJxVjDsOwjAQBe_iGlnGv3gp6XMGy7te4wBypDipEHeHSCmgfTPzXiKmba1x67zEKYuLMIM4_Y6Y6MFtJ_me2m2WNLd1mVDuijxol-Oc-Xk93L-Dmnr91s6rwhyUNYaNd4EQPeqgcwY6AwCmYtVQjAcCRvKukAouZfKgtbUk3h8PXzhS:1sekih:SUXMMZRA-f2Iy9DxPGoOUtUVn8RZ2-S7uTG05OCO7eU", "expire_date": "2024-08-30T00:21:31.573Z"}}, {"model": "sessions.session", "pk": "8s9rh5jwbrvym4v6e0sfr1ct4x893y1p", "fields": {"session_data": ".eJxVjMsOwiAUBf-FtSGF8qpL934DuQ-QqoGktCvjv2uTLnR7Zua8RIRtLXHraYkzi7Nw4vS7IdAj1R3wHeqtSWp1XWaUuyIP2uW1cXpeDvfvoEAv39qOgVCh18Cj9WRZoRr0lB2bjIGS9RlG6zArrYh4sNkYIucVhJQn58X7A_SOOGY:1sfOPs:uCMPsXYVMCOHowblqfboMDlbEm2rAgwpHj8ur9cpGfE", "expire_date": "2024-08-31T18:44:44.791Z"}}, {"model": "sessions.session", "pk": "9od357qrv5yyd3ww59cwvw57u26qd2f3", "fields": {"session_data": ".eJxVjDkOwjAURO_iGlneF0r6nMH63wsOIEeKkwpxdxwpBTSj0byZeZMA-1bD3vMa5kSuRGpy-Q0R4jO3g6QHtPtC49K2dUZ6VOhJO52WlF-3s_t3UKHXsdYROTrBpClRFuWsGUY4aZIGLMkZ7hlaq_yQrITJVvCYnQePwLVg5PMFA4c3ug:1shj8C:2crBSMWTunJNw9-QRc6GbRiWOp0a_t-xVnh86Htgj9k", "expire_date": "2024-09-07T05:16:08.702Z"}}, {"model": "sessions.session", "pk": "adzwpkm7s1pmnrq2inf89e1rpv6zimhb", "fields": {"session_data": ".eJxVjMsOwiAUBf-FtSGF8qpL934DuQ-QqoGktCvjv2uTLnR7Zua8RIRtLXHraYkzi7Nw4vS7IdAj1R3wHeqtSWp1XWaUuyIP2uW1cXpeDvfvoEAv39qOgVCh18Cj9WRZoRr0lB2bjIGS9RlG6zArrYh4sNkYIucVhJQn58X7A_SOOGY:1seji1:fQI_uwSPsiZLNm1JbIA2R2a6TJKfAwbEXVyoyzMsFEU", "expire_date": "2024-08-29T23:16:45.460Z"}}, {"model": "sessions.session", "pk": "cv78vw0w6ngnw58gb50wi27ua7gblctu", "fields": {"session_data": ".eJxVjEEOwiAQRe_C2pACUwou3XsGMsyAVA0kpV0Z765NutDtf-_9lwi4rSVsPS1hZnEWxonT7xiRHqnuhO9Yb01Sq-syR7kr8qBdXhun5-Vw_w4K9vKttQVtkgeDOtspKnDDRM5bH9VoCDkn4IGcBa8UuuxGkwg1ZURmC0Di_QHy_ThA:1sh0PE:EeAVkYDp7nhiOx2ebxyWhk90ORRY64vjOItUehXh3wM", "expire_date": "2024-09-05T05:30:44.481Z"}}, {"model": "sessions.session", "pk": "ecl55y690r40zz56lp4rrba4c6yn7vyk", "fields": {"session_data": ".eJxVjMEOwiAQRP-FsyGwFGE9evcbCLBbqRpISnsy_rtt0oPeJvPezFuEuC4lrJ3nMJG4CEBx-i1TzE-uO6FHrPcmc6vLPCW5K_KgXd4a8et6uH8HJfayrTOD0w7hnAEGYy2g04q1NzpvSXvyiika5ZEHzOOYEMBrZkUGrUMWny_U0zcC:1sdi23:qSq_5BEgkbMbJR1lJEDV1IEs9OqDHI-oL2KdSdL7QTk", "expire_date": "2024-08-27T03:17:11.097Z"}}, {"model": "sessions.session", "pk": "ek47t8nk99kj9b8wpeadk4twip2lj1nz", "fields": {"session_data": ".eJxVjMsOwiAUBf-FtSGF8qpL934DuQ-QqoGktCvjv2uTLnR7Zua8RIRtLXHraYkzi7Nw4vS7IdAj1R3wHeqtSWp1XWaUuyIP2uW1cXpeDvfvoEAv39qOgVCh18Cj9WRZoRr0lB2bjIGS9RlG6zArrYh4sNkYIucVhJQn58X7A_SOOGY:1sgy0K:EiLOErBk17cZ65I3clLgs8Va76QVCJEAj16oqhYtxVs", "expire_date": "2024-09-05T02:56:52.621Z"}}, {"model": "sessions.session", "pk": "fptnb7j5qp57ew7t3dwys39imk7wnx81", "fields": {"session_data": ".eJxVjEEOwiAQRe_C2pACUwou3XsGMsyAVA0kpV0Z765NutDtf-_9lwi4rSVsPS1hZnEWxonT7xiRHqnuhO9Yb01Sq-syR7kr8qBdXhun5-Vw_w4K9vKttQVtkgeDOtspKnDDRM5bH9VoCDkn4IGcBa8UuuxGkwg1ZURmC0Di_QHy_ThA:1sgBOp:fUUmQTXv-aDfII3C4Eir3sp5PW1cfIHyDQllRN5RicA", "expire_date": "2024-09-02T23:02:55.354Z"}}, {"model": "sessions.session", "pk": "gravbahtwc6e1k6a8pwwyok5m7fculnw", "fields": {"session_data": ".eJxVjDkOwjAURO_iGlneF0r6nMH63wsOIEeKkwpxdxwpBTSj0byZeZMA-1bD3vMa5kSuRGpy-Q0R4jO3g6QHtPtC49K2dUZ6VOhJO52WlF-3s_t3UKHXsdYROTrBpClRFuWsGUY4aZIGLMkZ7hlaq_yQrITJVvCYnQePwLVg5PMFA4c3ug:1se57v:OgvaStpqMN5fQAbVRX7VXa0p7AUf8MSsJ8qTN91Eww0", "expire_date": "2024-08-28T03:56:47.950Z"}}, {"model": "sessions.session", "pk": "hb5evul07aabuzzmcd8nef7lzaka0shq", "fields": {"session_data": ".eJxVjMsOwiAUBf-FtSGF8qpL934DuQ-QqoGktCvjv2uTLnR7Zua8RIRtLXHraYkzi7Nw4vS7IdAj1R3wHeqtSWp1XWaUuyIP2uW1cXpeDvfvoEAv39qOgVCh18Cj9WRZoRr0lB2bjIGS9RlG6zArrYh4sNkYIucVhJQn58X7A_SOOGY:1sbu0V:AhBOa_X4YU5opIEdq4AFPgS8zERE9UfFsD6zvgAWtYw", "expire_date": "2024-08-22T03:40:07.454Z"}}, {"model": "sessions.session", "pk": "hnu0ipz3t8qbeu4pjg0nffa7matqvoql", "fields": {"session_data": ".eJxVjMEOwiAQRP-FsyGwFGE9evcbCLBbqRpISnsy_rtt0oPeJvPezFuEuC4lrJ3nMJG4CEBx-i1TzE-uO6FHrPcmc6vLPCW5K_KgXd4a8et6uH8HJfayrTOD0w7hnAEGYy2g04q1NzpvSXvyiika5ZEHzOOYEMBrZkUGrUMWny_U0zcC:1se21y:ioHKN6Fqj03C5hkCeaA3trDPt6TjBdmfsQKAksZ5Rig", "expire_date": "2024-08-28T00:38:26.134Z"}}, {"model": "sessions.session", "pk": "k1s5yh1xo68se5gws1cwjvqp2jl26qs7", "fields": {"session_data": ".eJxVjMsOwiAUBf-FtSGF8qpL934DuQ-QqoGktCvjv2uTLnR7Zua8RIRtLXHraYkzi7Nw4vS7IdAj1R3wHeqtSWp1XWaUuyIP2uW1cXpeDvfvoEAv39qOgVCh18Cj9WRZoRr0lB2bjIGS9RlG6zArrYh4sNkYIucVhJQn58X7A_SOOGY:1se5cM:QHsV-y_J79WpP0D4FE8nCehu7xy6-sN4vhS28dJD5XM", "expire_date": "2024-08-28T04:28:14.252Z"}}, {"model": "sessions.session", "pk": "lautgnq3ixxq7fqbbklbejx4d8u6w1de", "fields": {"session_data": ".eJxVjMEOwiAQRP-FsyGwFGE9evcbCLBbqRpISnsy_rtt0oPeJvPezFuEuC4lrJ3nMJG4CEBx-i1TzE-uO6FHrPcmc6vLPCW5K_KgXd4a8et6uH8HJfayrTOD0w7hnAEGYy2g04q1NzpvSXvyiika5ZEHzOOYEMBrZkUGrUMWny_U0zcC:1sb4vg:nxXPOcSRUaZWey5fL11ZPoF5p19sw3nF8tGJEVpWRM8", "expire_date": "2024-08-19T21:07:44.382Z"}}, {"model": "sessions.session", "pk": "m77w02uy4gm4rwc306w2wf8k79iluqsm", "fields": {"session_data": ".eJxVjMEOwiAQRP-FsyGwFGE9evcbCLBbqRpISnsy_rtt0oPeJvPezFuEuC4lrJ3nMJG4CEBx-i1TzE-uO6FHrPcmc6vLPCW5K_KgXd4a8et6uH8HJfayrTOD0w7hnAEGYy2g04q1NzpvSXvyiika5ZEHzOOYEMBrZkUGrUMWny_U0zcC:1se3Vr:RDdq2VG50ypCPTq2Eor4sltBs2_XVaQsRC7aNGQPtWs", "expire_date": "2024-08-28T02:13:23.001Z"}}, {"model": "sessions.session", "pk": "o2evd9vbt6pufeml5duyzmsa8e6i1bfw", "fields": {"session_data": ".eJxVjMEOwiAQRP-FsyGwFGE9evcbCLBbqRpISnsy_rtt0oPeJvPezFuEuC4lrJ3nMJG4CEBx-i1TzE-uO6FHrPcmc6vLPCW5K_KgXd4a8et6uH8HJfayrTOD0w7hnAEGYy2g04q1NzpvSXvyiika5ZEHzOOYEMBrZkUGrUMWny_U0zcC:1sb8q5:_fUR9jvkXiyRiHvweO_daL3uLSgMFhWe7UHvMkBcNpg", "expire_date": "2024-08-20T01:18:13.600Z"}}, {"model": "sessions.session", "pk": "s2ob0rnmk1wyabgagserdpoj3yu0cz23", "fields": {"session_data": ".eJxVjMsOwiAUBf-FtSGF8qpL934DuQ-QqoGktCvjv2uTLnR7Zua8RIRtLXHraYkzi7Nw4vS7IdAj1R3wHeqtSWp1XWaUuyIP2uW1cXpeDvfvoEAv39qOgVCh18Cj9WRZoRr0lB2bjIGS9RlG6zArrYh4sNkYIucVhJQn58X7A_SOOGY:1sannc:lTSR2ualMbhQACCXm-RPKHZABE71fudoH0R0SEMjkO8", "expire_date": "2024-08-19T02:50:16.104Z"}}, {"model": "sessions.session", "pk": "u2059r1mnxe0xoxilrdp806ct8am0kpx", "fields": {"session_data": ".eJxVjDsOwjAQBe_iGlnrb2JKes5grddeHECOFCcV4u4QKQW0b2beS0Tc1hq3XpY4ZXEW2onT75iQHqXtJN-x3WZJc1uXKcldkQft8jrn8rwc7t9BxV6_NbI1SiEqE8iX5JDH4CwAU9BclB_ABJ98IB08W40AZqQ8WOc1A-cs3h8DbzfX:1sajxM:e-ytWXhsdY51Tm4k00mtJNFRUXIeDfyqgwUOT4-DA70", "expire_date": "2024-08-18T22:44:04.674Z"}}, {"model": "sessions.session", "pk": "u4wwc382resd7cx3p890g4vk6h96a9nl", "fields": {"session_data": ".eJxVjMEOwiAQRP-FsyGwFGE9evcbCLBbqRpISnsy_rtt0oPeJvPezFuEuC4lrJ3nMJG4CEBx-i1TzE-uO6FHrPcmc6vLPCW5K_KgXd4a8et6uH8HJfayrTOD0w7hnAEGYy2g04q1NzpvSXvyiika5ZEHzOOYEMBrZkUGrUMWny_U0zcC:1sbqUs:rsujhFG54Hq8LyjAB4FG8gMTrv8DzEtICJLglBTJlL0", "expire_date": "2024-08-21T23:55:14.846Z"}}, {"model": "sessions.session", "pk": "um9l4sa03ht5pgf86x0sz5yaktno60gv", "fields": {"session_data": ".eJxVjMsOwiAUBf-FtSGF8qpL934DuQ-QqoGktCvjv2uTLnR7Zua8RIRtLXHraYkzi7Nw4vS7IdAj1R3wHeqtSWp1XWaUuyIP2uW1cXpeDvfvoEAv39qOgVCh18Cj9WRZoRr0lB2bjIGS9RlG6zArrYh4sNkYIucVhJQn58X7A_SOOGY:1sezZH:dY_VImu2vAFW-dUDQULsFqwBEbAJ7TfZgLGCpDQ6ZyE", "expire_date": "2024-08-30T16:12:47.487Z"}}, {"model": "sessions.session", "pk": "umaug3hxwbp5kltinnvw95ol0u403ps5", "fields": {"session_data": ".eJxVjMsOwiAUBf-FtSGF8qpL934DuQ-QqoGktCvjv2uTLnR7Zua8RIRtLXHraYkzi7Nw4vS7IdAj1R3wHeqtSWp1XWaUuyIP2uW1cXpeDvfvoEAv39qOgVCh18Cj9WRZoRr0lB2bjIGS9RlG6zArrYh4sNkYIucVhJQn58X7A_SOOGY:1sg9VJ:_DSZbCnjAQ-HS6V_fQhp2bfLqRSJz38XyyEeq8MqdOs", "expire_date": "2024-09-02T21:01:29.772Z"}}, {"model": "sessions.session", "pk": "v0zh0f46uwwn1fx7k1lbonc6j00cupeo", "fields": {"session_data": ".eJxVjMEOwiAQRP-FsyGwFGE9evcbCLBbqRpISnsy_rtt0oPeJvPezFuEuC4lrJ3nMJG4CEBx-i1TzE-uO6FHrPcmc6vLPCW5K_KgXd4a8et6uH8HJfayrTOD0w7hnAEGYy2g04q1NzpvSXvyiika5ZEHzOOYEMBrZkUGrUMWny_U0zcC:1sdL4r:hNltL8wQPS_GmoULEilfTGEemcFSxM1m8zZqjIqnYoI", "expire_date": "2024-08-26T02:46:33.146Z"}}, {"model": "sessions.session", "pk": "wqyguwi3rzg5sllptbpkqfm6mj6soojb", "fields": {"session_data": ".eJxVjMEOwiAQRP-FsyGwFGE9evcbCLBbqRpISnsy_rtt0oPeJvPezFuEuC4lrJ3nMJG4CEBx-i1TzE-uO6FHrPcmc6vLPCW5K_KgXd4a8et6uH8HJfayrTOD0w7hnAEGYy2g04q1NzpvSXvyiika5ZEHzOOYEMBrZkUGrUMWny_U0zcC:1se3Ro:_z_hU95rvfGhb6veKYK-Cv2Jvws9xorvOh3fH8-Uj3o", "expire_date": "2024-08-28T02:09:12.267Z"}}, {"model": "sessions.session", "pk": "zkxl9n6xn8twdjpp0yi0z8y4b76pn9qd", "fields": {"session_data": ".eJxVjMEOwiAQRP-FsyHgLi316N1vIMuylaqhSWlPxn-XJj3oZZKZNzNvFWhbc9iqLGFK6qIA1ek3jMRPKTtJDyr3WfNc1mWKeq_og1Z9m5O8rkf37yBTzW2NFm00ceSz8wBIFg1jL6PxTd0AtuPmfIqCHsj1Dlzq2DET-oFJ1OcL8ks4Cg:1se4zi:Z4Vi2bW0vm1VBq3T-SrLTr9YRNv8afV3AxSvrwoP-jQ", "expire_date": "2024-08-28T03:48:18.843Z"}}, {"model": "sessions.session", "pk": "znynnibfr7p43lweivbcoxt0wzsco8d4", "fields": {"session_data": ".eJxVjDkOwzAMBP-iOhFEnVTK9HmDQR0-EkMCfFRB_h4ZcOOGWMzs8stm2tiDac0BQEpn2I3NZWjojoIrbwUq11hH-zZ2-5qXbkrNKnOFgeInl8OkN5Wh8ljLtkyBHxV-2pW_asrz8-xeHoy0jm1tYoCAUijbR9VrdLYFicomQ6FPaMGL4Jz27WQtbXYSYkZPPhAYKdjvD4EfQEg:1si2lD:CDv2ZDCdNKsBG_QRm1mcJjunzFRwIePLAVfJ0-PZwj4", "expire_date": "2024-09-08T02:13:43.794Z"}}, {"model": "accounts.user", "pk": 6, "fields": {"password": "pbkdf2_sha256$720000$9CorzcBciogHvxjxTl7Wvm$Z0CscKLPbwIGNK446TsG9pkgYTEVsT9VpJ0+TBHk4y0=", "first_name": "abdul", "last_name": "razak", "username": "admin", "email": "idbsch2012@gmail.com", "phone_number": "", "role": null, "date_joined": "2024-08-03T18:49:23.532Z", "last_login": "2024-08-22T02:56:52.595Z", "created_date": "2024-08-03T18:49:23.532Z", "modified_data": "2024-08-03T18:49:23.532Z", "is_admin": true, "is_staff": true, "is_active": true, "is_superadmin": true}}, {"model": "accounts.user", "pk": 34, "fields": {"password": "pbkdf2_sha256$720000$AuXEkl6EracoMEQhSkCnNY$eEilCKdEuqCda8U++DmGiOM1PljyNo5WhT/PDodo64U=", "first_name": "Abdul-Razak", "last_name": "Issah", "username": "abd1", "email": "ezzyconsults23@gmail.com", "phone_number": "6476192144", "role": 1, "date_joined": "2024-08-14T03:45:04.569Z", "last_login": "2024-08-19T03:03:48.034Z", "created_date": "2024-08-14T03:45:04.569Z", "modified_data": "2024-08-14T03:45:04.569Z", "is_admin": false, "is_staff": false, "is_active": true, "is_superadmin": false}}, {"model": "accounts.user", "pk": 35, "fields": {"password": "pbkdf2_sha256$720000$TnwxjbRyYevBci8uiYI6hM$TgZZR72DnmSQc9m8O2ongNRQ5ehWW6hmblN52QcsaGI=", "first_name": "Adnan", "last_name": "Issah", "username": "ad1", "email": "coolone226@gmail.com", "phone_number": "6476192144", "role": 1, "date_joined": "2024-08-14T03:46:26.231Z", "last_login": "2024-08-25T02:13:43.770Z", "created_date": "2024-08-14T03:46:26.231Z", "modified_data": "2024-08-14T03:46:26.231Z", "is_admin": false, "is_staff": false, "is_active": true, "is_superadmin": false}}, {"model": "accounts.user", "pk": 36, "fields": {"password": "pbkdf2_sha256$720000$ert6wbS7gWJyI7d1L1ms3O$SZ8DD0ZlNeL25q98bXgsTZH/Lzb99gvSxk0kTSi5mIM=", "first_name": "kumawood", "last_name": "restaurant", "username": "kmwd", "email": "razakissah.devops@gmail.com", "phone_number": "6476192144", "role": 1, "date_joined": "2024-08-16T00:15:52.133Z", "last_login": "2024-08-18T17:03:53.131Z", "created_date": "2024-08-16T00:15:52.133Z", "modified_data": "2024-08-16T00:15:52.133Z", "is_admin": false, "is_staff": false, "is_active": true, "is_superadmin": false}}, {"model": "accounts.user", "pk": 37, "fields": {"password": "pbkdf2_sha256$720000$xmYlD7XdxmR5OmtOMi6AkC$7J5/JP+QK7rATMDIrl9jwk09NpOsDn4XoTb0GHxhGjo=", "first_name": "sakisco", "last_name": "great", "username": "gsakis", "email": "gsakisco2013@gmail.com", "phone_number": "6476192144", "role": 1, "date_joined": "2024-08-16T00:17:19.775Z", "last_login": "2024-08-23T04:43:54.484Z", "created_date": "2024-08-16T00:17:19.775Z", "modified_data": "2024-08-16T00:17:19.775Z", "is_admin": false, "is_staff": false, "is_active": true, "is_superadmin": false}}, {"model": "accounts.user", "pk": 38, "fields": {"password": "pbkdf2_sha256$720000$9m3PkPNJKMaIvufwYvIwyp$x32ZCh9cLP2CCT+qu7DwAwn1zLZzuV0GSDRo1oiNOgY=", "first_name": "Abdul", "last_name": "Razak", "username": "zakissah", "email": "magkusgei2016@gmail.com", "phone_number": "6476192144", "role": 2, "date_joined": "2024-08-19T22:08:32.810Z", "last_login": "2024-08-24T01:51:24.470Z", "created_date": "2024-08-19T22:08:32.810Z", "modified_data": "2024-08-19T22:08:32.810Z", "is_admin": false, "is_staff": false, "is_active": true, "is_superadmin": false}}, {"model": "accounts.user", "pk": 39, "fields": {"password": "pbkdf2_sha256$720000$ltIgM8i6R9Kad7i0YESHY3$P0VkXm+RYscbtVnCKRHc7af89KLdrkht21B+NRVWBZM=", "first_name": "Hussein", "last_name": "Ali", "username": "hali24", "email": "isszak83@gmail.com", "phone_number": "", "role": 2, "date_joined": "2024-08-24T01:23:08.709Z", "last_login": "2024-08-24T01:23:08.709Z", "created_date": "2024-08-24T01:23:08.709Z", "modified_data": "2024-08-24T01:23:08.709Z", "is_admin": false, "is_staff": false, "is_active": false, "is_superadmin": false}}, {"model": "accounts.userprofile", "pk": 5, "fields": {"user": 6, "profile_picture": "", "cover_photo": "", "address": "abc", "country": null, "city": null, "province": null, "postal_code": null, "latitude": null, "longitude": null, "location": null, "created_at": "2024-08-03T18:49:23.548Z", "modified_at": "2024-08-03T18:49:23.548Z"}}, {"model": "accounts.userprofile", "pk": 34, "fields": {"user": 34, "profile_picture": "users/profile_picture/profile-picture-2.PNG", "cover_photo": "users/cover_photo/italian-pizza-600x600_YUgu8Ev.jpg", "address": "Shelburne Golf & Country Club, Melancthon, ON, Canada", "country": "Canada", "city": "Delta", "province": "Ontario", "postal_code": "L9V 1V2", "latitude": "44.11912530000001", "longitude": "-80.19635", "location": "SRID=4326;POINT (-80.19635 44.11912530000001)", "created_at": "2024-08-14T03:45:04.581Z", "modified_at": "2024-08-14T03:45:04.581Z"}}, {"model": "accounts.userprofile", "pk": 35, "fields": {"user": 35, "profile_picture": "users/profile_picture/steam-rice_sjJVboS.jpg", "cover_photo": "users/cover_photo/chicken-barbeque.jpg", "address": "Bramalea City Centre, Peel Centre Drive, Brampton, ON, Canada", "country": "Canada", "city": "Brampton", "province": "Ontario", "postal_code": "L6T 3R5", "latitude": "43.7155479", "longitude": "-79.7219819", "location": "SRID=4326;POINT (-79.7219819 43.7155479)", "created_at": "2024-08-14T03:46:26.245Z", "modified_at": "2024-08-14T03:46:26.245Z"}}, {"model": "accounts.userprofile", "pk": 36, "fields": {"user": 36, "profile_picture": "users/profile_picture/cover-photo-5.PNG", "cover_photo": "users/cover_photo/profile-picture-4.PNG", "address": "Victoria Street, Shelburne, ON, Canada", "country": "Canada", "city": "Shelburne", "province": "Ontario", "postal_code": "L9V", "latitude": "44.0735618", "longitude": "-80.2023652", "location": "SRID=4326;POINT (-80.2023652 44.0735618)", "created_at": "2024-08-16T00:15:52.155Z", "modified_at": "2024-08-16T00:15:52.155Z"}}, {"model": "accounts.userprofile", "pk": 37, "fields": {"user": 37, "profile_picture": "users/profile_picture/pizza-600x600.jpg", "cover_photo": "users/cover_photo/profile-picture-2_MUqPC4k.PNG", "address": "Orangeville Fairgrounds, Side Road 5, Mono, ON, Canada", "country": "Canada", "city": "Mono", "province": "Ontario", "postal_code": "L9W 6K5", "latitude": "43.9501712", "longitude": "-80.07703939999999", "location": "SRID=4326;POINT (-80.07703939999999 43.9501712)", "created_at": "2024-08-16T00:17:19.775Z", "modified_at": "2024-08-16T00:17:19.775Z"}}, {"model": "accounts.userprofile", "pk": 38, "fields": {"user": 38, "profile_picture": "users/profile_picture/chicken-barbeque.jpg", "cover_photo": "users/cover_photo/profile-picture-1_iOB3ssj.PNG", "address": "McBride Automotive, Southgate Township Road 04, Dundalk, ON, Canada", "country": "Canada", "city": "Dundalk", "province": "Ontario", "postal_code": "N0C 1B0", "latitude": "44.0528856", "longitude": "-80.39640039999999", "location": "SRID=4326;POINT (-80.39640039999999 44.0528856)", "created_at": "2024-08-19T22:08:32.846Z", "modified_at": "2024-08-19T22:08:32.846Z"}}, {"model": "accounts.userprofile", "pk": 39, "fields": {"user": 39, "profile_picture": "", "cover_photo": "", "address": null, "country": null, "city": null, "province": null, "postal_code": null, "latitude": null, "longitude": null, "location": null, "created_at": "2024-08-24T01:23:08.730Z", "modified_at": "2024-08-24T01:23:08.730Z"}}, {"model": "vendors.vendor", "pk": 8, "fields": {"user": 34, "user_profile": 34, "vendor_name": "Kumasi fast food", "vendor_slug": "kumasi-fast-food-34", "vendor_license": "vendor/license/veg-pizza-600x600.jpg", "is_approved": true, "created_at": "2024-08-14T03:45:04.658Z", "modified_at": "2024-08-14T03:45:04.658Z"}}, {"model": "vendors.vendor", "pk": 9, "fields": {"user": 35, "user_profile": 35, "vendor_name": "African Delicacy", "vendor_slug": "african-delicacy-35", "vendor_license": "vendor/license/profile-picture-1.PNG", "is_approved": true, "created_at": "2024-08-14T03:46:26.262Z", "modified_at": "2024-08-14T03:46:26.262Z"}}, {"model": "vendors.vendor", "pk": 10, "fields": {"user": 36, "user_profile": 36, "vendor_name": "Kumawood Dish", "vendor_slug": "kumawood-dish-36", "vendor_license": "vendor/license/steam-rice.jpg", "is_approved": true, "created_at": "2024-08-16T00:15:52.285Z", "modified_at": "2024-08-16T00:15:52.285Z"}}, {"model": "vendors.vendor", "pk": 11, "fields": {"user": 37, "user_profile": 37, "vendor_name": "GSakisco Rest", "vendor_slug": "gsakisco-rest-37", "vendor_license": "vendor/license/chicken-600x600_xxP66n0.jpg", "is_approved": true, "created_at": "2024-08-16T00:17:19.813Z", "modified_at": "2024-08-16T00:17:19.813Z"}}, {"model": "vendors.openinghours", "pk": 94, "fields": {"vendor": 10, "day": 1, "from_hour": "05:00 AM", "to_hour": "09:00 AM", "is_closed": false}}, {"model": "vendors.openinghours", "pk": 95, "fields": {"vendor": 10, "day": 2, "from_hour": "", "to_hour": "", "is_closed": true}}, {"model": "vendors.openinghours", "pk": 103, "fields": {"vendor": 10, "day": 3, "from_hour": "05:00 AM", "to_hour": "09:30 AM", "is_closed": false}}, {"model": "vendors.openinghours", "pk": 104, "fields": {"vendor": 10, "day": 7, "from_hour": "06:00 AM", "to_hour": "12:30 PM", "is_closed": false}}, {"model": "vendors.openinghours", "pk": 107, "fields": {"vendor": 10, "day": 7, "from_hour": "01:00 PM", "to_hour": "09:00 PM", "is_closed": false}}, {"model": "vendors.openinghours", "pk": 110, "fields": {"vendor": 11, "day": 6, "from_hour": "08:30 AM", "to_hour": "09:30 AM", "is_closed": false}}, {"model": "vendors.openinghours", "pk": 115, "fields": {"vendor": 11, "day": 7, "from_hour": "", "to_hour": "", "is_closed": true}}, {"model": "vendors.openinghours", "pk": 116, "fields": {"vendor": 8, "day": 7, "from_hour": "", "to_hour": "", "is_closed": true}}, {"model": "vendors.openinghours", "pk": 117, "fields": {"vendor": 9, "day": 7, "from_hour": "", "to_hour": "", "is_closed": true}}, {"model": "vendors.openinghours", "pk": 118, "fields": {"vendor": 9, "day": 1, "from_hour": "12:00 AM", "to_hour": "02:30 PM", "is_closed": false}}, {"model": "vendors.openinghours", "pk": 119, "fields": {"vendor": 9, "day": 6, "from_hour": "07:30 AM", "to_hour": "08:30 AM", "is_closed": false}}, {"model": "menu.category", "pk": 11, "fields": {"vendor": 8, "category_name": "Breakfast", "slug": "breakfast", "description": "Hot teas and beverages.  with fried eggs and some sausages. It also includes some bread", "created_at": "2024-08-14T04:00:33.409Z", "updated_at": "2024-08-14T04:00:33.409Z"}}, {"model": "menu.category", "pk": 12, "fields": {"vendor": 8, "category_name": "Hot lunch", "slug": "hot-lunch", "description": "Traditional Ashanti food made with the best of our local ingredients. No GMO", "created_at": "2024-08-14T04:01:21.968Z", "updated_at": "2024-08-14T04:01:21.968Z"}}, {"model": "menu.category", "pk": 13, "fields": {"vendor": 9, "category_name": "Morning delight", "slug": "morning-delight", "description": "Beverages and soft drinks", "created_at": "2024-08-14T04:05:38.779Z", "updated_at": "2024-08-14T04:05:38.779Z"}}, {"model": "menu.category", "pk": 14, "fields": {"vendor": 8, "category_name": "Anadwo supper", "slug": "anadwo-supper-14", "description": "Evening dinnner", "created_at": "2024-08-14T04:23:56.230Z", "updated_at": "2024-08-14T04:23:56.230Z"}}, {"model": "menu.category", "pk": 15, "fields": {"vendor": 10, "category_name": "Konkonte", "slug": "konkonte-15", "description": "abitee", "created_at": "2024-08-16T00:25:03.974Z", "updated_at": "2024-08-16T00:25:03.974Z"}}, {"model": "menu.category", "pk": 16, "fields": {"vendor": 10, "category_name": "Breakfast", "slug": "breakfast-16", "description": "morning", "created_at": "2024-08-16T00:26:10.384Z", "updated_at": "2024-08-16T00:26:10.384Z"}}, {"model": "menu.category", "pk": 17, "fields": {"vendor": 10, "category_name": "Continental", "slug": "continental-17", "description": "foreign", "created_at": "2024-08-16T00:27:30.904Z", "updated_at": "2024-08-16T00:27:30.904Z"}}, {"model": "menu.category", "pk": 18, "fields": {"vendor": 11, "category_name": "Continental", "slug": "continental-18", "description": "whites", "created_at": "2024-08-16T00:28:56.940Z", "updated_at": "2024-08-16T00:28:56.940Z"}}, {"model": "menu.product", "pk": 10, "fields": {"vendor": 8, "category": 11, "food_title": "Koko Mole", "slug": "koko-mole", "description": "made from corn. The corn is grinded and made to ferment slightly. We also add some pepper and ginger. The whoel thing is boilde to cook", "price": "40.00", "image": "foodimages/profile-picture-5.PNG", "created_at": "2024-08-14T04:03:23.372Z", "is_available": true, "updated_at": "2024-08-14T04:03:23.373Z"}}, {"model": "menu.product", "pk": 11, "fields": {"vendor": 8, "category": 12, "food_title": "Fufu", "slug": "fufu", "description": "Pounded yam with light soup", "price": "50.00", "image": "foodimages/Pan-Fried-Chicken-600x600.jpg", "created_at": "2024-08-14T04:04:19.101Z", "is_available": true, "updated_at": "2024-08-14T04:04:19.101Z"}}, {"model": "menu.product", "pk": 12, "fields": {"vendor": 9, "category": 13, "food_title": "Hot Coffee", "slug": "hot-coffee", "description": "Coffee and milk with egg and bread", "price": "70.00", "image": "foodimages/cover-photo-4.PNG", "created_at": "2024-08-14T04:06:24.547Z", "is_available": true, "updated_at": "2024-08-14T04:06:24.547Z"}}, {"model": "menu.product", "pk": 13, "fields": {"vendor": 8, "category": 14, "food_title": "Emo and Kosua", "slug": "emo-and-kosua", "description": "rice and egg", "price": "100.00", "image": "foodimages/seafood-600x600.jpg", "created_at": "2024-08-14T04:25:13.175Z", "is_available": true, "updated_at": "2024-08-14T04:25:13.175Z"}}, {"model": "menu.product", "pk": 14, "fields": {"vendor": 10, "category": 15, "food_title": "Tuo zaafi", "slug": "tuo-zaafi", "description": "food warm", "price": "200.00", "image": "foodimages/veg-pizza-600x600_oXmboaN.jpg", "created_at": "2024-08-16T00:25:40.440Z", "is_available": true, "updated_at": "2024-08-16T00:25:40.440Z"}}, {"model": "menu.product", "pk": 15, "fields": {"vendor": 10, "category": 16, "food_title": "Koko", "slug": "koko", "description": "from corn", "price": "100.00", "image": "foodimages/cover-photo-2.PNG", "created_at": "2024-08-16T00:26:50.442Z", "is_available": true, "updated_at": "2024-08-16T00:26:50.442Z"}}, {"model": "menu.product", "pk": 16, "fields": {"vendor": 10, "category": 17, "food_title": "Pizza", "slug": "pizza", "description": "abrofo", "price": "400.00", "image": "foodimages/veg-pizza-600x600_f14nPVX.jpg", "created_at": "2024-08-16T00:28:01.009Z", "is_available": true, "updated_at": "2024-08-16T00:28:01.009Z"}}, {"model": "menu.product", "pk": 18, "fields": {"vendor": 11, "category": 18, "food_title": "Pizza new", "slug": "pizza-new", "description": "for whites", "price": "200.00", "image": "foodimages/brand_pic3_GTNy7tg.jpg", "created_at": "2024-08-16T00:30:16.163Z", "is_available": true, "updated_at": "2024-08-16T00:30:16.163Z"}}, {"model": "marketplace.cart", "pk": 121, "fields": {"user": 36, "product": 14, "quantity": 2, "created_at": "2024-08-18T21:06:05.347Z", "updated_at": "2024-08-18T21:06:05.347Z"}}, {"model": "marketplace.cart", "pk": 122, "fields": {"user": 36, "product": 15, "quantity": 2, "created_at": "2024-08-18T21:06:19.282Z", "updated_at": "2024-08-18T21:06:19.282Z"}}, {"model": "marketplace.cart", "pk": 137, "fields": {"user": 34, "product": 10, "quantity": 9, "created_at": "2024-08-19T20:07:58.333Z", "updated_at": "2024-08-19T20:07:58.333Z"}}, {"model": "marketplace.cart", "pk": 247, "fields": {"user": 35, "product": 12, "quantity": 1, "created_at": "2024-08-24T05:17:40.676Z", "updated_at": "2024-08-24T05:17:40.676Z"}}, {"model": "marketplace.cart", "pk": 248, "fields": {"user": 35, "product": 10, "quantity": 2, "created_at": "2024-08-24T05:19:29.703Z", "updated_at": "2024-08-24T05:19:29.703Z"}}, {"model": "marketplace.tax", "pk": 4, "fields": {"tax_type": "PST", "tax_percentage": "5.00", "is_active": true}}, {"model": "marketplace.tax", "pk": 5, "fields": {"tax_type": "HSTGST", "tax_percentage": "13.00", "is_active": true}}, {"model": "orders.payment", "pk": 66, "fields": {"user": 38, "transaction_id": "64A89513YV457714X", "payment_method": "Paypal", "amount": "1414.5", "status": "COMPLETED", "created_at": "2024-08-23T04:50:21.894Z"}}, {"model": "orders.payment", "pk": 67, "fields": {"user": 38, "transaction_id": "7J426597XE619050N", "payment_method": "Paypal", "amount": "2140.2", "status": "COMPLETED", "created_at": "2024-08-23T04:52:20.394Z"}}, {"model": "orders.payment", "pk": 68, "fields": {"user": 38, "transaction_id": "33W5494237799751T", "payment_method": "Paypal", "amount": "1500.6", "status": "COMPLETED", "created_at": "2024-08-23T04:53:35.387Z"}}, {"model": "orders.payment", "pk": 69, "fields": {"user": 38, "transaction_id": "3JW03389MW571841X", "payment_method": "Paypal", "amount": "910.2", "status": "COMPLETED", "created_at": "2024-08-23T04:54:11.137Z"}}, {"model": "orders.payment", "pk": 70, "fields": {"user": 38, "transaction_id": "8DP92304H82286702", "payment_method": "Paypal", "amount": "1377.6", "status": "COMPLETED", "created_at": "2024-08-23T04:56:45.482Z"}}, {"model": "orders.payment", "pk": 71, "fields": {"user": 38, "transaction_id": "76D27938VX077190P", "payment_method": "Paypal", "amount": "738.0", "status": "COMPLETED", "created_at": "2024-08-23T04:58:01.144Z"}}, {"model": "orders.payment", "pk": 72, "fields": {"user": 38, "transaction_id": "9NR520985W988503E", "payment_method": "Paypal", "amount": "1033.2", "status": "COMPLETED", "created_at": "2024-08-24T01:52:26.201Z"}}, {"model": "orders.payment", "pk": 73, "fields": {"user": 38, "transaction_id": "6FP32809XU696073U", "payment_method": "Paypal", "amount": "664.2", "status": "COMPLETED", "created_at": "2024-08-24T02:06:01.544Z"}}, {"model": "orders.payment", "pk": 74, "fields": {"user": 38, "transaction_id": "2S800621K8371173E", "payment_method": "Paypal", "amount": "221.4", "status": "COMPLETED", "created_at": "2024-08-24T02:20:59.905Z"}}, {"model": "orders.payment", "pk": 75, "fields": {"user": 38, "transaction_id": "6WC17699VJ9079441", "payment_method": "Paypal", "amount": "221.4", "status": "COMPLETED", "created_at": "2024-08-24T02:23:38.316Z"}}, {"model": "orders.payment", "pk": 76, "fields": {"user": 38, "transaction_id": "8RS07671LW426070S", "payment_method": "Paypal", "amount": "282.9", "status": "COMPLETED", "created_at": "2024-08-24T02:29:04.361Z"}}, {"model": "orders.payment", "pk": 77, "fields": {"user": 38, "transaction_id": "8EU140110L590784A", "payment_method": "Paypal", "amount": "910.2", "status": "COMPLETED", "created_at": "2024-08-24T02:53:10.464Z"}}, {"model": "orders.payment", "pk": 78, "fields": {"user": 38, "transaction_id": "1LE06557B3699500X", "payment_method": "Paypal", "amount": "910.2", "status": "COMPLETED", "created_at": "2024-08-24T02:57:12.372Z"}}, {"model": "orders.payment", "pk": 79, "fields": {"user": 38, "transaction_id": "77K200835H173002A", "payment_method": "Paypal", "amount": "910.2", "status": "COMPLETED", "created_at": "2024-08-24T02:58:32.900Z"}}, {"model": "orders.payment", "pk": 80, "fields": {"user": 38, "transaction_id": "6LE85663RA7968522", "payment_method": "Paypal", "amount": "664.2", "status": "COMPLETED", "created_at": "2024-08-24T03:29:26.616Z"}}, {"model": "orders.order", "pk": 142, "fields": {"user": 38, "payment": 66, "order_number": "20240823004941142", "first_name": "Abdul", "last_name": "Razak", "phone": "6476192144", "email": "magkusgei2016@gmail.com", "address": "McBride Automotive, Southgate Township Road 04, Dundalk, ON, Canada", "country": "Canada", "province": "Ontario", "city": "Dundalk", "postal_code": "N0C 1B0", "total": 1414.5, "tax_data": "{\"PST\": {\"5.00\": 57.50}, \"HSTGST\": {\"13.00\": 149.50}}", "total_tax": 264.5, "total_data": "{\"9\": {\"210.00\": \"{'PST': {'5.00': '10'}, 'HSTGST': {'13.00': '27'}}\"}, \"8\": {\"140.00\": \"{'PST': {'5.00': '7'}, 'HSTGST': {'13.00': '18'}}\"}, \"11\": {\"800.00\": \"{'PST': {'5.00': '40'}, 'HSTGST': {'13.00': '104'}}\"}}", "payment_method": "Paypal", "status": "New", "is_ordered": true, "created_at": "2024-08-23T04:49:41.734Z", "updated_at": "2024-08-23T04:50:21.901Z", "vendors": [9, 8, 11]}}, {"model": "orders.order", "pk": 143, "fields": {"user": 38, "payment": 67, "order_number": "20240823005210143", "first_name": "Abdul", "last_name": "Razak", "phone": "6476192144", "email": "magkusgei2016@gmail.com", "address": "McBride Automotive, Southgate Township Road 04, Dundalk, ON, Canada", "country": "Canada", "province": "Ontario", "city": "Dundalk", "postal_code": "N0C 1B0", "total": 2140.2, "tax_data": "{\"PST\": {\"5.00\": 87.00}, \"HSTGST\": {\"13.00\": 226.20}}", "total_tax": 400.2, "total_data": "{\"10\": {\"700.00\": \"{'PST': {'5.00': '35'}, 'HSTGST': {'13.00': '91'}}\"}, \"11\": {\"800.00\": \"{'PST': {'5.00': '40'}, 'HSTGST': {'13.00': '104'}}\"}, \"9\": {\"140.00\": \"{'PST': {'5.00': '7'}, 'HSTGST': {'13.00': '18'}}\"}, \"8\": {\"100.00\": \"{'PST': {'5.00': '5'}, 'HSTGST': {'13.00': '13'}}\"}}", "payment_method": "Paypal", "status": "New", "is_ordered": true, "created_at": "2024-08-23T04:52:10.050Z", "updated_at": "2024-08-23T04:52:20.411Z", "vendors": [9, 8, 11, 10]}}, {"model": "orders.order", "pk": 144, "fields": {"user": 38, "payment": 68, "order_number": "20240823005324144", "first_name": "Abdul", "last_name": "Razak", "phone": "6476192144", "email": "magkusgei2016@gmail.com", "address": "McBride Automotive, Southgate Township Road 04, Dundalk, ON, Canada", "country": "Canada", "province": "Ontario", "city": "Dundalk", "postal_code": "N0C 1B0", "total": 1500.6, "tax_data": "{\"PST\": {\"5.00\": 61.00}, \"HSTGST\": {\"13.00\": 158.60}}", "total_tax": 280.6, "total_data": "{\"11\": {\"200.00\": \"{'PST': {'5.00': '10'}, 'HSTGST': {'13.00': '26'}}\"}, \"9\": {\"140.00\": \"{'PST': {'5.00': '7'}, 'HSTGST': {'13.00': '18'}}\"}, \"10\": {\"800.00\": \"{'PST': {'5.00': '40'}, 'HSTGST': {'13.00': '104'}}\"}, \"8\": {\"80.00\": \"{'PST': {'5.00': '4'}, 'HSTGST': {'13.00': '10'}}\"}}", "payment_method": "Paypal", "status": "New", "is_ordered": true, "created_at": "2024-08-23T04:53:24.325Z", "updated_at": "2024-08-23T04:53:35.429Z", "vendors": [8, 9, 10, 11]}}, {"model": "orders.order", "pk": 145, "fields": {"user": 38, "payment": 69, "order_number": "20240823005359145", "first_name": "Abdul", "last_name": "Razak", "phone": "6476192144", "email": "magkusgei2016@gmail.com", "address": "McBride Automotive, Southgate Township Road 04, Dundalk, ON, Canada", "country": "Canada", "province": "Ontario", "city": "Dundalk", "postal_code": "N0C 1B0", "total": 910.2, "tax_data": "{\"PST\": {\"5.00\": 37.00}, \"HSTGST\": {\"13.00\": 96.20}}", "total_tax": 170.2, "total_data": "{\"9\": {\"140.00\": \"{'PST': {'5.00': '7'}, 'HSTGST': {'13.00': '18'}}\"}, \"11\": {\"600.00\": \"{'PST': {'5.00': '30'}, 'HSTGST': {'13.00': '78'}}\"}}", "payment_method": "Paypal", "status": "New", "is_ordered": true, "created_at": "2024-08-23T04:53:59.932Z", "updated_at": "2024-08-23T04:54:11.140Z", "vendors": [9, 11]}}, {"model": "orders.order", "pk": 146, "fields": {"user": 38, "payment": 70, "order_number": "20240823005633146", "first_name": "Abdul", "last_name": "Razak", "phone": "6476192144", "email": "magkusgei2016@gmail.com", "address": "McBride Automotive, Southgate Township Road 04, Dundalk, ON, Canada", "country": "Canada", "province": "Ontario", "city": "Dundalk", "postal_code": "N0C 1B0", "total": 1377.6, "tax_data": "{\"PST\": {\"5.00\": 56.00}, \"HSTGST\": {\"13.00\": 145.60}}", "total_tax": 257.6, "total_data": "{\"11\": {\"600.00\": \"{'PST': {'5.00': '30'}, 'HSTGST': {'13.00': '78'}}\"}, \"8\": {\"520.00\": \"{'PST': {'5.00': '26'}, 'HSTGST': {'13.00': '68'}}\"}}", "payment_method": "Paypal", "status": "New", "is_ordered": true, "created_at": "2024-08-23T04:56:33.287Z", "updated_at": "2024-08-23T04:56:45.496Z", "vendors": [8, 11]}}, {"model": "orders.order", "pk": 147, "fields": {"user": 38, "payment": 71, "order_number": "20240823005750147", "first_name": "Abdul", "last_name": "Razak", "phone": "6476192144", "email": "magkusgei2016@gmail.com", "address": "McBride Automotive, Southgate Township Road 04, Dundalk, ON, Canada", "country": "Canada", "province": "Ontario", "city": "Dundalk", "postal_code": "N0C 1B0", "total": 738.0, "tax_data": "{\"PST\": {\"5.00\": 30.00}, \"HSTGST\": {\"13.00\": 78.00}}", "total_tax": 138.0, "total_data": "{\"11\": {\"600.00\": \"{'PST': {'5.00': '30'}, 'HSTGST': {'13.00': '78'}}\"}}", "payment_method": "Paypal", "status": "New", "is_ordered": true, "created_at": "2024-08-23T04:57:50.970Z", "updated_at": "2024-08-23T04:58:01.151Z", "vendors": [11]}}, {"model": "orders.order", "pk": 148, "fields": {"user": 38, "payment": 72, "order_number": "20240823215202148", "first_name": "Abdul", "last_name": "Razak", "phone": "6476192144", "email": "magkusgei2016@gmail.com", "address": "McBride Automotive, Southgate Township Road 04, Dundalk, ON, Canada", "country": "Canada", "province": "Ontario", "city": "Dundalk", "postal_code": "N0C 1B0", "total": 1033.2, "tax_data": "{\"PST\": {\"5.00\": 42.00}, \"HSTGST\": {\"13.00\": 109.20}}", "total_tax": 193.2, "total_data": "{\"9\": {\"140.00\": \"{'PST': {'5.00': '7'}, 'HSTGST': {'13.00': '18'}}\"}, \"10\": {\"700.00\": \"{'PST': {'5.00': '35'}, 'HSTGST': {'13.00': '91'}}\"}}", "payment_method": "Paypal", "status": "New", "is_ordered": true, "created_at": "2024-08-24T01:52:02.719Z", "updated_at": "2024-08-24T01:52:26.218Z", "vendors": [9, 10]}}, {"model": "orders.order", "pk": 149, "fields": {"user": 38, "payment": 73, "order_number": "20240823220548149", "first_name": "Abdul", "last_name": "Razak", "phone": "6476192144", "email": "magkusgei2016@gmail.com", "address": "McBride Automotive, Southgate Township Road 04, Dundalk, ON, Canada", "country": "Canada", "province": "Ontario", "city": "Dundalk", "postal_code": "N0C 1B0", "total": 664.2, "tax_data": "{\"PST\": {\"5.00\": 27.00}, \"HSTGST\": {\"13.00\": 70.20}}", "total_tax": 124.2, "total_data": "{\"9\": {\"140.00\": \"{'PST': {'5.00': '7'}, 'HSTGST': {'13.00': '18'}}\"}, \"11\": {\"400.00\": \"{'PST': {'5.00': '20'}, 'HSTGST': {'13.00': '52'}}\"}}", "payment_method": "Paypal", "status": "New", "is_ordered": true, "created_at": "2024-08-24T02:05:48.799Z", "updated_at": "2024-08-24T02:06:01.544Z", "vendors": [9, 11]}}, {"model": "orders.order", "pk": 150, "fields": {"user": 38, "payment": 74, "order_number": "20240823222043150", "first_name": "Abdul", "last_name": "Razak", "phone": "6476192144", "email": "magkusgei2016@gmail.com", "address": "McBride Automotive, Southgate Township Road 04, Dundalk, ON, Canada", "country": "Canada", "province": "Ontario", "city": "Dundalk", "postal_code": "N0C 1B0", "total": 221.4, "tax_data": "{\"PST\": {\"5.00\": 9.00}, \"HSTGST\": {\"13.00\": 23.40}}", "total_tax": 41.4, "total_data": "{\"8\": {\"180.00\": \"{'PST': {'5.00': '9'}, 'HSTGST': {'13.00': '23'}}\"}}", "payment_method": "Paypal", "status": "New", "is_ordered": true, "created_at": "2024-08-24T02:20:43.593Z", "updated_at": "2024-08-24T02:20:59.919Z", "vendors": [8]}}, {"model": "orders.order", "pk": 151, "fields": {"user": 38, "payment": null, "order_number": "20240823222313151", "first_name": "Abdul", "last_name": "Razak", "phone": "6476192144", "email": "magkusgei2016@gmail.com", "address": "McBride Automotive, Southgate Township Road 04, Dundalk, ON, Canada", "country": "Canada", "province": "Ontario", "city": "Dundalk", "postal_code": "N0C 1B0", "total": 221.4, "tax_data": "{\"PST\": {\"5.00\": 9.00}, \"HSTGST\": {\"13.00\": 23.40}}", "total_tax": 41.4, "total_data": "{\"8\": {\"180.00\": \"{'PST': {'5.00': '9'}, 'HSTGST': {'13.00': '23'}}\"}}", "payment_method": "Paypal", "status": "New", "is_ordered": false, "created_at": "2024-08-24T02:23:13.003Z", "updated_at": "2024-08-24T02:23:13.003Z", "vendors": [8]}}, {"model": "orders.order", "pk": 152, "fields": {"user": 38, "payment": 75, "order_number": "20240823222327152", "first_name": "Abdul", "last_name": "Razak", "phone": "6476192144", "email": "magkusgei2016@gmail.com", "address": "McBride Automotive, Southgate Township Road 04, Dundalk, ON, Canada", "country": "Canada", "province": "Ontario", "city": "Dundalk", "postal_code": "N0C 1B0", "total": 221.4, "tax_data": "{\"PST\": {\"5.00\": 9.00}, \"HSTGST\": {\"13.00\": 23.40}}", "total_tax": 41.4, "total_data": "{\"8\": {\"180.00\": \"{'PST': {'5.00': '9'}, 'HSTGST': {'13.00': '23'}}\"}}", "payment_method": "Paypal", "status": "New", "is_ordered": true, "created_at": "2024-08-24T02:23:27.319Z", "updated_at": "2024-08-24T02:23:38.317Z", "vendors": [8]}}, {"model": "orders.order", "pk": 153, "fields": {"user": 38, "payment": 76, "order_number": "20240823222853153", "first_name": "Abdul", "last_name": "Razak", "phone": "6476192144", "email": "magkusgei2016@gmail.com", "address": "McBride Automotive, Southgate Township Road 04, Dundalk, ON, Canada", "country": "Canada", "province": "Ontario", "city": "Dundalk", "postal_code": "N0C 1B0", "total": 282.9, "tax_data": "{\"PST\": {\"5.00\": 11.50}, \"HSTGST\": {\"13.00\": 29.90}}", "total_tax": 52.9, "total_data": "{\"8\": {\"230.00\": \"{'PST': {'5.00': '12'}, 'HSTGST': {'13.00': '30'}}\"}}", "payment_method": "Paypal", "status": "New", "is_ordered": true, "created_at": "2024-08-24T02:28:53.824Z", "updated_at": "2024-08-24T02:29:04.363Z", "vendors": [8]}}, {"model": "orders.order", "pk": 154, "fields": {"user": 38, "payment": 77, "order_number": "20240823225247154", "first_name": "Abdul", "last_name": "Razak", "phone": "6476192144", "email": "magkusgei2016@gmail.com", "address": "McBride Automotive, Southgate Township Road 04, Dundalk, ON, Canada", "country": "Canada", "province": "Ontario", "city": "Dundalk", "postal_code": "N0C 1B0", "total": 910.2, "tax_data": "{\"PST\": {\"5.00\": 37.00}, \"HSTGST\": {\"13.00\": 96.20}}", "total_tax": 170.2, "total_data": "{\"10\": {\"600.00\": \"{'PST': {'5.00': '30'}, 'HSTGST': {'13.00': '78'}}\"}, \"9\": {\"140.00\": \"{'PST': {'5.00': '7'}, 'HSTGST': {'13.00': '18'}}\"}}", "payment_method": "Paypal", "status": "New", "is_ordered": true, "created_at": "2024-08-24T02:52:47.748Z", "updated_at": "2024-08-24T02:53:10.476Z", "vendors": [9, 10]}}, {"model": "orders.order", "pk": 155, "fields": {"user": 38, "payment": null, "order_number": "20240823225648155", "first_name": "Abdul", "last_name": "Razak", "phone": "6476192144", "email": "magkusgei2016@gmail.com", "address": "McBride Automotive, Southgate Township Road 04, Dundalk, ON, Canada", "country": "Canada", "province": "Ontario", "city": "Dundalk", "postal_code": "N0C 1B0", "total": 910.2, "tax_data": "{\"PST\": {\"5.00\": 37.00}, \"HSTGST\": {\"13.00\": 96.20}}", "total_tax": 170.2, "total_data": "{\"10\": {\"600.00\": \"{'PST': {'5.00': '30'}, 'HSTGST': {'13.00': '78'}}\"}, \"9\": {\"140.00\": \"{'PST': {'5.00': '7'}, 'HSTGST': {'13.00': '18'}}\"}}", "payment_method": "Paypal", "status": "New", "is_ordered": false, "created_at": "2024-08-24T02:56:48.438Z", "updated_at": "2024-08-24T02:56:48.456Z", "vendors": [9, 10]}}, {"model": "orders.order", "pk": 156, "fields": {"user": 38, "payment": 78, "order_number": "20240823225701156", "first_name": "Abdul", "last_name": "Razak", "phone": "6476192144", "email": "magkusgei2016@gmail.com", "address": "McBride Automotive, Southgate Township Road 04, Dundalk, ON, Canada", "country": "Canada", "province": "Ontario", "city": "Dundalk", "postal_code": "N0C 1B0", "total": 910.2, "tax_data": "{\"PST\": {\"5.00\": 37.00}, \"HSTGST\": {\"13.00\": 96.20}}", "total_tax": 170.2, "total_data": "{\"10\": {\"600.00\": \"{'PST': {'5.00': '30'}, 'HSTGST': {'13.00': '78'}}\"}, \"9\": {\"140.00\": \"{'PST': {'5.00': '7'}, 'HSTGST': {'13.00': '18'}}\"}}", "payment_method": "Paypal", "status": "New", "is_ordered": true, "created_at": "2024-08-24T02:57:01.593Z", "updated_at": "2024-08-24T02:57:12.376Z", "vendors": [9, 10]}}, {"model": "orders.order", "pk": 157, "fields": {"user": 38, "payment": null, "order_number": "20240823225810157", "first_name": "Abdul", "last_name": "Razak", "phone": "6476192144", "email": "magkusgei2016@gmail.com", "address": "McBride Automotive, Southgate Township Road 04, Dundalk, ON, Canada", "country": "Canada", "province": "Ontario", "city": "Dundalk", "postal_code": "N0C 1B0", "total": 910.2, "tax_data": "{\"PST\": {\"5.00\": 37.00}, \"HSTGST\": {\"13.00\": 96.20}}", "total_tax": 170.2, "total_data": "{\"10\": {\"600.00\": \"{'PST': {'5.00': '30'}, 'HSTGST': {'13.00': '78'}}\"}, \"9\": {\"140.00\": \"{'PST': {'5.00': '7'}, 'HSTGST': {'13.00': '18'}}\"}}", "payment_method": "Paypal", "status": "New", "is_ordered": false, "created_at": "2024-08-24T02:58:10.746Z", "updated_at": "2024-08-24T02:58:10.762Z", "vendors": [9, 10]}}, {"model": "orders.order", "pk": 158, "fields": {"user": 38, "payment": 79, "order_number": "20240823225822158", "first_name": "Abdul", "last_name": "Razak", "phone": "6476192144", "email": "magkusgei2016@gmail.com", "address": "McBride Automotive, Southgate Township Road 04, Dundalk, ON, Canada", "country": "Canada", "province": "Ontario", "city": "Dundalk", "postal_code": "N0C 1B0", "total": 910.2, "tax_data": "{\"PST\": {\"5.00\": 37.00}, \"HSTGST\": {\"13.00\": 96.20}}", "total_tax": 170.2, "total_data": "{\"10\": {\"600.00\": \"{'PST': {'5.00': '30'}, 'HSTGST': {'13.00': '78'}}\"}, \"9\": {\"140.00\": \"{'PST': {'5.00': '7'}, 'HSTGST': {'13.00': '18'}}\"}}", "payment_method": "Paypal", "status": "New", "is_ordered": true, "created_at": "2024-08-24T02:58:22.820Z", "updated_at": "2024-08-24T02:58:32.902Z", "vendors": [9, 10]}}, {"model": "orders.order", "pk": 159, "fields": {"user": 38, "payment": 80, "order_number": "20240823232905159", "first_name": "Abdul", "last_name": "Razak", "phone": "6476192144", "email": "magkusgei2016@gmail.com", "address": "McBride Automotive, Southgate Township Road 04, Dundalk, ON, Canada", "country": "Canada", "province": "Ontario", "city": "Dundalk", "postal_code": "N0C 1B0", "total": 664.2, "tax_data": "{\"PST\": {\"5.00\": 27.00}, \"HSTGST\": {\"13.00\": 70.20}}", "total_tax": 124.2, "total_data": "{\"11\": {\"400.00\": \"{'PST': {'5.00': '20'}, 'HSTGST': {'13.00': '52'}}\"}, \"9\": {\"140.00\": \"{'PST': {'5.00': '7'}, 'HSTGST': {'13.00': '18'}}\"}}", "payment_method": "Paypal", "status": "New", "is_ordered": true, "created_at": "2024-08-24T03:29:05.592Z", "updated_at": "2024-08-24T03:29:26.629Z", "vendors": [9, 11]}}, {"model": "orders.orderedfood", "pk": 123, "fields": {"order": 142, "payment": 66, "user": 38, "product": 12, "quantity": 3, "price": 70.0, "amount": 210.0, "created_at": "2024-08-23T04:50:21.912Z", "updated_at": "2024-08-23T04:50:21.912Z"}}, {"model": "orders.orderedfood", "pk": 124, "fields": {"order": 142, "payment": 66, "user": 38, "product": 10, "quantity": 1, "price": 40.0, "amount": 40.0, "created_at": "2024-08-23T04:50:21.919Z", "updated_at": "2024-08-23T04:50:21.919Z"}}, {"model": "orders.orderedfood", "pk": 125, "fields": {"order": 142, "payment": 66, "user": 38, "product": 11, "quantity": 2, "price": 50.0, "amount": 100.0, "created_at": "2024-08-23T04:50:21.923Z", "updated_at": "2024-08-23T04:50:21.923Z"}}, {"model": "orders.orderedfood", "pk": 126, "fields": {"order": 142, "payment": 66, "user": 38, "product": 18, "quantity": 4, "price": 200.0, "amount": 800.0, "created_at": "2024-08-23T04:50:21.925Z", "updated_at": "2024-08-23T04:50:21.925Z"}}, {"model": "orders.orderedfood", "pk": 127, "fields": {"order": 143, "payment": 67, "user": 38, "product": 14, "quantity": 2, "price": 200.0, "amount": 400.0, "created_at": "2024-08-23T04:52:20.420Z", "updated_at": "2024-08-23T04:52:20.420Z"}}, {"model": "orders.orderedfood", "pk": 128, "fields": {"order": 143, "payment": 67, "user": 38, "product": 15, "quantity": 3, "price": 100.0, "amount": 300.0, "created_at": "2024-08-23T04:52:20.425Z", "updated_at": "2024-08-23T04:52:20.425Z"}}, {"model": "orders.orderedfood", "pk": 129, "fields": {"order": 143, "payment": 67, "user": 38, "product": 18, "quantity": 4, "price": 200.0, "amount": 800.0, "created_at": "2024-08-23T04:52:20.427Z", "updated_at": "2024-08-23T04:52:20.427Z"}}, {"model": "orders.orderedfood", "pk": 130, "fields": {"order": 143, "payment": 67, "user": 38, "product": 12, "quantity": 2, "price": 70.0, "amount": 140.0, "created_at": "2024-08-23T04:52:20.429Z", "updated_at": "2024-08-23T04:52:20.429Z"}}, {"model": "orders.orderedfood", "pk": 131, "fields": {"order": 143, "payment": 67, "user": 38, "product": 11, "quantity": 2, "price": 50.0, "amount": 100.0, "created_at": "2024-08-23T04:52:20.431Z", "updated_at": "2024-08-23T04:52:20.431Z"}}, {"model": "orders.orderedfood", "pk": 132, "fields": {"order": 144, "payment": 68, "user": 38, "product": 18, "quantity": 1, "price": 200.0, "amount": 200.0, "created_at": "2024-08-23T04:53:35.440Z", "updated_at": "2024-08-23T04:53:35.440Z"}}, {"model": "orders.orderedfood", "pk": 133, "fields": {"order": 144, "payment": 68, "user": 38, "product": 12, "quantity": 2, "price": 70.0, "amount": 140.0, "created_at": "2024-08-23T04:53:35.443Z", "updated_at": "2024-08-23T04:53:35.443Z"}}, {"model": "orders.orderedfood", "pk": 134, "fields": {"order": 144, "payment": 68, "user": 38, "product": 15, "quantity": 2, "price": 100.0, "amount": 200.0, "created_at": "2024-08-23T04:53:35.445Z", "updated_at": "2024-08-23T04:53:35.445Z"}}, {"model": "orders.orderedfood", "pk": 135, "fields": {"order": 144, "payment": 68, "user": 38, "product": 14, "quantity": 3, "price": 200.0, "amount": 600.0, "created_at": "2024-08-23T04:53:35.447Z", "updated_at": "2024-08-23T04:53:35.447Z"}}, {"model": "orders.orderedfood", "pk": 136, "fields": {"order": 144, "payment": 68, "user": 38, "product": 10, "quantity": 2, "price": 40.0, "amount": 80.0, "created_at": "2024-08-23T04:53:35.450Z", "updated_at": "2024-08-23T04:53:35.450Z"}}, {"model": "orders.orderedfood", "pk": 137, "fields": {"order": 145, "payment": 69, "user": 38, "product": 12, "quantity": 2, "price": 70.0, "amount": 140.0, "created_at": "2024-08-23T04:54:11.146Z", "updated_at": "2024-08-23T04:54:11.146Z"}}, {"model": "orders.orderedfood", "pk": 138, "fields": {"order": 145, "payment": 69, "user": 38, "product": 18, "quantity": 3, "price": 200.0, "amount": 600.0, "created_at": "2024-08-23T04:54:11.148Z", "updated_at": "2024-08-23T04:54:11.148Z"}}, {"model": "orders.orderedfood", "pk": 139, "fields": {"order": 146, "payment": 70, "user": 38, "product": 18, "quantity": 3, "price": 200.0, "amount": 600.0, "created_at": "2024-08-23T04:56:45.508Z", "updated_at": "2024-08-23T04:56:45.508Z"}}, {"model": "orders.orderedfood", "pk": 140, "fields": {"order": 146, "payment": 70, "user": 38, "product": 10, "quantity": 3, "price": 40.0, "amount": 120.0, "created_at": "2024-08-23T04:56:45.513Z", "updated_at": "2024-08-23T04:56:45.513Z"}}, {"model": "orders.orderedfood", "pk": 141, "fields": {"order": 146, "payment": 70, "user": 38, "product": 13, "quantity": 3, "price": 100.0, "amount": 300.0, "created_at": "2024-08-23T04:56:45.514Z", "updated_at": "2024-08-23T04:56:45.514Z"}}, {"model": "orders.orderedfood", "pk": 142, "fields": {"order": 146, "payment": 70, "user": 38, "product": 11, "quantity": 2, "price": 50.0, "amount": 100.0, "created_at": "2024-08-23T04:56:45.516Z", "updated_at": "2024-08-23T04:56:45.516Z"}}, {"model": "orders.orderedfood", "pk": 143, "fields": {"order": 147, "payment": 71, "user": 38, "product": 18, "quantity": 3, "price": 200.0, "amount": 600.0, "created_at": "2024-08-23T04:58:01.164Z", "updated_at": "2024-08-23T04:58:01.164Z"}}, {"model": "orders.orderedfood", "pk": 144, "fields": {"order": 148, "payment": 72, "user": 38, "product": 12, "quantity": 2, "price": 70.0, "amount": 140.0, "created_at": "2024-08-24T01:52:26.230Z", "updated_at": "2024-08-24T01:52:26.230Z"}}, {"model": "orders.orderedfood", "pk": 145, "fields": {"order": 148, "payment": 72, "user": 38, "product": 14, "quantity": 2, "price": 200.0, "amount": 400.0, "created_at": "2024-08-24T01:52:26.250Z", "updated_at": "2024-08-24T01:52:26.250Z"}}, {"model": "orders.orderedfood", "pk": 146, "fields": {"order": 148, "payment": 72, "user": 38, "product": 15, "quantity": 3, "price": 100.0, "amount": 300.0, "created_at": "2024-08-24T01:52:26.251Z", "updated_at": "2024-08-24T01:52:26.251Z"}}, {"model": "orders.orderedfood", "pk": 147, "fields": {"order": 149, "payment": 73, "user": 38, "product": 12, "quantity": 2, "price": 70.0, "amount": 140.0, "created_at": "2024-08-24T02:06:01.562Z", "updated_at": "2024-08-24T02:06:01.562Z"}}, {"model": "orders.orderedfood", "pk": 148, "fields": {"order": 149, "payment": 73, "user": 38, "product": 18, "quantity": 2, "price": 200.0, "amount": 400.0, "created_at": "2024-08-24T02:06:01.572Z", "updated_at": "2024-08-24T02:06:01.572Z"}}, {"model": "orders.orderedfood", "pk": 149, "fields": {"order": 150, "payment": 74, "user": 38, "product": 10, "quantity": 2, "price": 40.0, "amount": 80.0, "created_at": "2024-08-24T02:20:59.938Z", "updated_at": "2024-08-24T02:20:59.938Z"}}, {"model": "orders.orderedfood", "pk": 150, "fields": {"order": 150, "payment": 74, "user": 38, "product": 11, "quantity": 2, "price": 50.0, "amount": 100.0, "created_at": "2024-08-24T02:20:59.938Z", "updated_at": "2024-08-24T02:20:59.938Z"}}, {"model": "orders.orderedfood", "pk": 151, "fields": {"order": 152, "payment": 75, "user": 38, "product": 10, "quantity": 2, "price": 40.0, "amount": 80.0, "created_at": "2024-08-24T02:23:38.335Z", "updated_at": "2024-08-24T02:23:38.335Z"}}, {"model": "orders.orderedfood", "pk": 152, "fields": {"order": 152, "payment": 75, "user": 38, "product": 11, "quantity": 2, "price": 50.0, "amount": 100.0, "created_at": "2024-08-24T02:23:38.340Z", "updated_at": "2024-08-24T02:23:38.340Z"}}, {"model": "orders.orderedfood", "pk": 153, "fields": {"order": 153, "payment": 76, "user": 38, "product": 10, "quantity": 2, "price": 40.0, "amount": 80.0, "created_at": "2024-08-24T02:29:04.381Z", "updated_at": "2024-08-24T02:29:04.381Z"}}, {"model": "orders.orderedfood", "pk": 154, "fields": {"order": 153, "payment": 76, "user": 38, "product": 11, "quantity": 3, "price": 50.0, "amount": 150.0, "created_at": "2024-08-24T02:29:04.385Z", "updated_at": "2024-08-24T02:29:04.385Z"}}, {"model": "orders.orderedfood", "pk": 155, "fields": {"order": 154, "payment": 77, "user": 38, "product": 14, "quantity": 2, "price": 200.0, "amount": 400.0, "created_at": "2024-08-24T02:53:10.495Z", "updated_at": "2024-08-24T02:53:10.495Z"}}, {"model": "orders.orderedfood", "pk": 156, "fields": {"order": 154, "payment": 77, "user": 38, "product": 15, "quantity": 2, "price": 100.0, "amount": 200.0, "created_at": "2024-08-24T02:53:10.503Z", "updated_at": "2024-08-24T02:53:10.503Z"}}, {"model": "orders.orderedfood", "pk": 157, "fields": {"order": 154, "payment": 77, "user": 38, "product": 12, "quantity": 2, "price": 70.0, "amount": 140.0, "created_at": "2024-08-24T02:53:10.503Z", "updated_at": "2024-08-24T02:53:10.503Z"}}, {"model": "orders.orderedfood", "pk": 158, "fields": {"order": 156, "payment": 78, "user": 38, "product": 14, "quantity": 2, "price": 200.0, "amount": 400.0, "created_at": "2024-08-24T02:57:12.388Z", "updated_at": "2024-08-24T02:57:12.388Z"}}, {"model": "orders.orderedfood", "pk": 159, "fields": {"order": 156, "payment": 78, "user": 38, "product": 15, "quantity": 2, "price": 100.0, "amount": 200.0, "created_at": "2024-08-24T02:57:12.392Z", "updated_at": "2024-08-24T02:57:12.392Z"}}, {"model": "orders.orderedfood", "pk": 160, "fields": {"order": 156, "payment": 78, "user": 38, "product": 12, "quantity": 2, "price": 70.0, "amount": 140.0, "created_at": "2024-08-24T02:57:12.393Z", "updated_at": "2024-08-24T02:57:12.393Z"}}, {"model": "orders.orderedfood", "pk": 161, "fields": {"order": 158, "payment": 79, "user": 38, "product": 14, "quantity": 2, "price": 200.0, "amount": 400.0, "created_at": "2024-08-24T02:58:32.918Z", "updated_at": "2024-08-24T02:58:32.918Z"}}, {"model": "orders.orderedfood", "pk": 162, "fields": {"order": 158, "payment": 79, "user": 38, "product": 15, "quantity": 2, "price": 100.0, "amount": 200.0, "created_at": "2024-08-24T02:58:32.924Z", "updated_at": "2024-08-24T02:58:32.924Z"}}, {"model": "orders.orderedfood", "pk": 163, "fields": {"order": 158, "payment": 79, "user": 38, "product": 12, "quantity": 2, "price": 70.0, "amount": 140.0, "created_at": "2024-08-24T02:58:32.927Z", "updated_at": "2024-08-24T02:58:32.927Z"}}, {"model": "orders.orderedfood", "pk": 164, "fields": {"order": 159, "payment": 80, "user": 38, "product": 18, "quantity": 2, "price": 200.0, "amount": 400.0, "created_at": "2024-08-24T03:29:26.649Z", "updated_at": "2024-08-24T03:29:26.649Z"}}, {"model": "orders.orderedfood", "pk": 165, "fields": {"order": 159, "payment": 80, "user": 38, "product": 12, "quantity": 2, "price": 70.0, "amount": 140.0, "created_at": "2024-08-24T03:29:26.650Z", "updated_at": "2024-08-24T03:29:26.650Z"}}]